{
	"credit": "Made with Blockbench",
	"texture_size": [128, 128],
	"textures": {
		"0": "mchub:crate/voting",
		"particle": "mchub:crate/voting"
	},
	"elements": [
		{
			"from": [-3, 1, 1],
			"to": [19, 9, 15],
			"faces": {
				"north": {"uv": [6.25, 0, 9, 1], "texture": "#0"},
				"east": {"uv": [1, 7.25, 2.75, 8.25], "texture": "#0"},
				"south": {"uv": [6.25, 1, 9, 2], "texture": "#0"},
				"west": {"uv": [1, 8.25, 2.75, 9.25], "texture": "#0"},
				"up": {"uv": [6.25, 1.75, 3.5, 0], "texture": "#0"},
				"down": {"uv": [6.25, 1.75, 3.5, 3.5], "texture": "#0"}
			}
		},
		{
			"from": [-4, 1, 0],
			"to": [-1, 9, 3],
			"faces": {
				"north": {"uv": [6.5, 7.25, 6.875, 8.25], "texture": "#0"},
				"east": {"uv": [2, 10.125, 2.375, 11.125], "texture": "#0"},
				"south": {"uv": [10.625, 2, 11, 3], "texture": "#0"},
				"west": {"uv": [7.75, 10.625, 8.125, 11.625], "texture": "#0"},
				"up": {"uv": [10, 12.125, 9.625, 11.75], "texture": "#0"},
				"down": {"uv": [10.375, 11.75, 10, 12.125], "texture": "#0"}
			}
		},
		{
			"from": [17, 1, 0],
			"to": [20, 9, 3],
			"faces": {
				"north": {"uv": [7, 10.75, 7.375, 11.75], "texture": "#0"},
				"east": {"uv": [7.375, 10.75, 7.75, 11.75], "texture": "#0"},
				"south": {"uv": [8.125, 10.75, 8.5, 11.75], "texture": "#0"},
				"west": {"uv": [8.5, 10.75, 8.875, 11.75], "texture": "#0"},
				"up": {"uv": [10.75, 12.125, 10.375, 11.75], "texture": "#0"},
				"down": {"uv": [11.125, 11.75, 10.75, 12.125], "texture": "#0"}
			}
		},
		{
			"from": [17, 1, 13],
			"to": [20, 9, 16],
			"faces": {
				"north": {"uv": [8.875, 10.75, 9.25, 11.75], "texture": "#0"},
				"east": {"uv": [9.25, 10.75, 9.625, 11.75], "texture": "#0"},
				"south": {"uv": [9.625, 10.75, 10, 11.75], "texture": "#0"},
				"west": {"uv": [10, 10.75, 10.375, 11.75], "texture": "#0"},
				"up": {"uv": [2.125, 12.25, 1.75, 11.875], "texture": "#0"},
				"down": {"uv": [12.25, 2.875, 11.875, 3.25], "texture": "#0"}
			}
		},
		{
			"from": [-4, 1, 13],
			"to": [-1, 9, 16],
			"faces": {
				"north": {"uv": [10.375, 10.75, 10.75, 11.75], "texture": "#0"},
				"east": {"uv": [10.75, 10.75, 11.125, 11.75], "texture": "#0"},
				"south": {"uv": [0, 11, 0.375, 12], "texture": "#0"},
				"west": {"uv": [0.375, 11, 0.75, 12], "texture": "#0"},
				"up": {"uv": [3.75, 12.25, 3.375, 11.875], "texture": "#0"},
				"down": {"uv": [4.125, 11.875, 3.75, 12.25], "texture": "#0"}
			}
		},
		{
			"from": [14, 9, -2],
			"to": [22, 12, 18],
			"faces": {
				"north": {"uv": [10.875, 3, 11.875, 3.375], "texture": "#0"},
				"east": {"uv": [8.75, 9, 11.25, 9.375], "texture": "#0"},
				"south": {"uv": [10.875, 10.125, 11.875, 10.5], "texture": "#0"},
				"west": {"uv": [8.75, 9.375, 11.25, 9.75], "texture": "#0"},
				"up": {"uv": [4.5, 8.25, 3.5, 5.75], "texture": "#0"},
				"down": {"uv": [5.5, 5.75, 4.5, 8.25], "texture": "#0"}
			}
		},
		{
			"from": [25.57761, -0.04051, 5.5],
			"to": [26.57761, 0.95949, 10.5],
			"rotation": {"angle": 22.5, "axis": "z", "origin": [4.57761, -6.04051, 7]},
			"faces": {
				"north": {"uv": [11.75, 2.875, 11.875, 3], "texture": "#0"},
				"east": {"uv": [12.25, 4.125, 12.875, 4.25], "texture": "#0"},
				"south": {"uv": [11.75, 4, 11.875, 4.125], "texture": "#0"},
				"west": {"uv": [12.25, 4.25, 12.875, 4.375], "texture": "#0"},
				"up": {"uv": [7, 7.875, 6.875, 7.25], "texture": "#0"},
				"down": {"uv": [2.5, 10.125, 2.375, 10.75], "texture": "#0"}
			}
		},
		{
			"from": [25.57761, 0.95949, 6.5],
			"to": [26.57761, 1.95949, 9.5],
			"rotation": {"angle": 22.5, "axis": "z", "origin": [4.57761, -6.04051, 7]},
			"faces": {
				"north": {"uv": [4.625, 12, 4.75, 12.125], "texture": "#0"},
				"east": {"uv": [8.375, 10, 8.75, 10.125], "texture": "#0"},
				"south": {"uv": [3.25, 12.125, 3.375, 12.25], "texture": "#0"},
				"west": {"uv": [1.625, 12.375, 2, 12.5], "texture": "#0"},
				"up": {"uv": [7, 8.25, 6.875, 7.875], "texture": "#0"},
				"down": {"uv": [2.5, 10.75, 2.375, 11.125], "texture": "#0"}
			}
		},
		{
			"from": [15.57761, 11.45949, 6.5],
			"to": [17.57761, 12.45949, 9.5],
			"rotation": {"angle": -22.5, "axis": "z", "origin": [4.57761, -6.04051, 7]},
			"faces": {
				"north": {"uv": [10.625, 3, 10.875, 3.125], "texture": "#0"},
				"east": {"uv": [2, 12.375, 2.375, 12.5], "texture": "#0"},
				"south": {"uv": [10.625, 3.125, 10.875, 3.25], "texture": "#0"},
				"west": {"uv": [2.375, 12.375, 2.75, 12.5], "texture": "#0"},
				"up": {"uv": [2.75, 10, 2.5, 9.625], "texture": "#0"},
				"down": {"uv": [2.5, 11.125, 2.25, 11.5], "texture": "#0"}
			}
		},
		{
			"from": [25.57761, -2.04051, 9.5],
			"to": [26.57761, -0.04051, 10.5],
			"rotation": {"angle": 22.5, "axis": "z", "origin": [4.57761, -6.04051, 7]},
			"faces": {
				"north": {"uv": [10.875, 10.5, 11, 10.75], "texture": "#0"},
				"east": {"uv": [11, 10.5, 11.125, 10.75], "texture": "#0"},
				"south": {"uv": [2.125, 11.875, 2.25, 12.125], "texture": "#0"},
				"west": {"uv": [1.625, 12, 1.75, 12.25], "texture": "#0"},
				"up": {"uv": [11.25, 12.5, 11.125, 12.375], "texture": "#0"},
				"down": {"uv": [11.375, 12.375, 11.25, 12.5], "texture": "#0"}
			}
		},
		{
			"from": [25.57761, -2.04051, 5.5],
			"to": [26.57761, -0.04051, 6.5],
			"rotation": {"angle": 22.5, "axis": "z", "origin": [4.57761, -6.04051, 7]},
			"faces": {
				"north": {"uv": [4.75, 12.375, 4.875, 12.625], "texture": "#0"},
				"east": {"uv": [4.875, 12.375, 5, 12.625], "texture": "#0"},
				"south": {"uv": [6.375, 12.375, 6.5, 12.625], "texture": "#0"},
				"west": {"uv": [10.125, 12.375, 10.25, 12.625], "texture": "#0"},
				"up": {"uv": [12.5, 11.375, 12.375, 11.25], "texture": "#0"},
				"down": {"uv": [11.5, 12.375, 11.375, 12.5], "texture": "#0"}
			}
		},
		{
			"from": [-1.57761, 11.45949, 6.5],
			"to": [0.42239, 12.45949, 9.5],
			"rotation": {"angle": 22.5, "axis": "z", "origin": [11.42239, -6.04051, 7]},
			"faces": {
				"north": {"uv": [8.125, 10.625, 8.375, 10.75], "texture": "#0"},
				"east": {"uv": [2.75, 12.375, 3.125, 12.5], "texture": "#0"},
				"south": {"uv": [1.75, 11, 2, 11.125], "texture": "#0"},
				"west": {"uv": [3.125, 12.375, 3.5, 12.5], "texture": "#0"},
				"up": {"uv": [6.25, 12.375, 6, 12], "texture": "#0"},
				"down": {"uv": [6.5, 12, 6.25, 12.375], "texture": "#0"}
			}
		},
		{
			"from": [-10.57761, -2.04051, 9.5],
			"to": [-9.57761, -0.04051, 10.5],
			"rotation": {"angle": -22.5, "axis": "z", "origin": [11.42239, -6.04051, 7]},
			"faces": {
				"north": {"uv": [10.25, 12.375, 10.375, 12.625], "texture": "#0"},
				"east": {"uv": [10.375, 12.375, 10.5, 12.625], "texture": "#0"},
				"south": {"uv": [10.5, 12.375, 10.625, 12.625], "texture": "#0"},
				"west": {"uv": [10.625, 12.375, 10.75, 12.625], "texture": "#0"},
				"up": {"uv": [12.5, 11.5, 12.375, 11.375], "texture": "#0"},
				"down": {"uv": [11.625, 12.375, 11.5, 12.5], "texture": "#0"}
			}
		},
		{
			"from": [-10.57761, -0.04051, 5.5],
			"to": [-9.57761, 0.95949, 10.5],
			"rotation": {"angle": -22.5, "axis": "z", "origin": [11.42239, -6.04051, 7]},
			"faces": {
				"north": {"uv": [12.375, 11.5, 12.5, 11.625], "texture": "#0"},
				"east": {"uv": [12.25, 6.25, 12.875, 6.375], "texture": "#0"},
				"south": {"uv": [11.625, 12.375, 11.75, 12.5], "texture": "#0"},
				"west": {"uv": [12.25, 6.375, 12.875, 6.5], "texture": "#0"},
				"up": {"uv": [2, 11, 1.875, 10.375], "texture": "#0"},
				"down": {"uv": [6.625, 12, 6.5, 12.625], "texture": "#0"}
			}
		},
		{
			"from": [-10.57761, 0.95949, 6.5],
			"to": [-9.57761, 1.95949, 9.5],
			"rotation": {"angle": -22.5, "axis": "z", "origin": [11.42239, -6.04051, 7]},
			"faces": {
				"north": {"uv": [12.375, 11.625, 12.5, 11.75], "texture": "#0"},
				"east": {"uv": [3.5, 12.375, 3.875, 12.5], "texture": "#0"},
				"south": {"uv": [11.75, 12.375, 11.875, 12.5], "texture": "#0"},
				"west": {"uv": [12.375, 4.5, 12.75, 4.625], "texture": "#0"},
				"up": {"uv": [4, 12.75, 3.875, 12.375], "texture": "#0"},
				"down": {"uv": [4.25, 12.375, 4.125, 12.75], "texture": "#0"}
			}
		},
		{
			"from": [-10.57761, -2.04051, 5.5],
			"to": [-9.57761, -0.04051, 6.5],
			"rotation": {"angle": -22.5, "axis": "z", "origin": [11.42239, -6.04051, 7]},
			"faces": {
				"north": {"uv": [10.75, 12.375, 10.875, 12.625], "texture": "#0"},
				"east": {"uv": [10.875, 12.375, 11, 12.625], "texture": "#0"},
				"south": {"uv": [11, 12.375, 11.125, 12.625], "texture": "#0"},
				"west": {"uv": [12.375, 11, 12.5, 11.25], "texture": "#0"},
				"up": {"uv": [12.5, 11.875, 12.375, 11.75], "texture": "#0"},
				"down": {"uv": [12, 12.375, 11.875, 12.5], "texture": "#0"}
			}
		},
		{
			"from": [-6, 9, -2],
			"to": [2, 12, 18],
			"faces": {
				"north": {"uv": [0.75, 11, 1.75, 11.375], "texture": "#0"},
				"east": {"uv": [0, 9.75, 2.5, 10.125], "texture": "#0"},
				"south": {"uv": [11, 2, 12, 2.375], "texture": "#0"},
				"west": {"uv": [8.75, 9.75, 11.25, 10.125], "texture": "#0"},
				"up": {"uv": [8, 8.75, 7, 6.25], "texture": "#0"},
				"down": {"uv": [1, 7.25, 0, 9.75], "texture": "#0"}
			}
		},
		{
			"from": [-5, 12, 3],
			"to": [-1, 15, 13],
			"faces": {
				"north": {"uv": [2.25, 9.25, 2.75, 9.625], "texture": "#0"},
				"east": {"uv": [1, 9.25, 2.25, 9.625], "texture": "#0"},
				"south": {"uv": [11.375, 4.125, 11.875, 4.5], "texture": "#0"},
				"west": {"uv": [10.125, 3.5, 11.375, 3.875], "texture": "#0"},
				"up": {"uv": [5.5, 11.25, 5, 10], "texture": "#0"},
				"down": {"uv": [6, 10, 5.5, 11.25], "texture": "#0"}
			}
		},
		{
			"from": [-5, 15, 5],
			"to": [-1, 16, 11],
			"faces": {
				"north": {"uv": [2, 9.625, 2.5, 9.75], "texture": "#0"},
				"east": {"uv": [11, 2.875, 11.75, 3], "texture": "#0"},
				"south": {"uv": [2.375, 12.25, 2.875, 12.375], "texture": "#0"},
				"west": {"uv": [12, 10.875, 12.75, 11], "texture": "#0"},
				"up": {"uv": [2.25, 11.875, 1.75, 11.125], "texture": "#0"},
				"down": {"uv": [11.625, 10.5, 11.125, 11.25], "texture": "#0"}
			}
		},
		{
			"from": [17, 12, 3],
			"to": [21, 15, 13],
			"faces": {
				"north": {"uv": [3.375, 11.5, 3.875, 11.875], "texture": "#0"},
				"east": {"uv": [10.125, 3.875, 11.375, 4.25], "texture": "#0"},
				"south": {"uv": [3.875, 11.5, 4.375, 11.875], "texture": "#0"},
				"west": {"uv": [10.125, 4.25, 11.375, 4.625], "texture": "#0"},
				"up": {"uv": [6.5, 11.25, 6, 10], "texture": "#0"},
				"down": {"uv": [7, 10, 6.5, 11.25], "texture": "#0"}
			}
		},
		{
			"from": [17, 15, 5],
			"to": [21, 16, 11],
			"faces": {
				"north": {"uv": [12.25, 10.25, 12.75, 10.375], "texture": "#0"},
				"east": {"uv": [11.875, 12, 12.625, 12.125], "texture": "#0"},
				"south": {"uv": [12.25, 10.375, 12.75, 10.5], "texture": "#0"},
				"west": {"uv": [2.125, 12.125, 2.875, 12.25], "texture": "#0"},
				"up": {"uv": [5.5, 12, 5, 11.25], "texture": "#0"},
				"down": {"uv": [6, 11.25, 5.5, 12], "texture": "#0"}
			}
		},
		{
			"from": [-4, 17, 2],
			"to": [1, 19, 14],
			"faces": {
				"north": {"uv": [11.625, 11, 12.25, 11.25], "texture": "#0"},
				"east": {"uv": [11, 2.375, 12.5, 2.625], "texture": "#0"},
				"south": {"uv": [11.75, 5.5, 12.375, 5.75], "texture": "#0"},
				"west": {"uv": [11, 2.625, 12.5, 2.875], "texture": "#0"},
				"up": {"uv": [3.125, 11.5, 2.5, 10], "texture": "#0"},
				"down": {"uv": [3.75, 10, 3.125, 11.5], "texture": "#0"}
			}
		},
		{
			"from": [15, 17, 2],
			"to": [20, 19, 14],
			"faces": {
				"north": {"uv": [11.75, 5.75, 12.375, 6], "texture": "#0"},
				"east": {"uv": [11.25, 1.75, 12.75, 2], "texture": "#0"},
				"south": {"uv": [11.75, 6, 12.375, 6.25], "texture": "#0"},
				"west": {"uv": [11.25, 9, 12.75, 9.25], "texture": "#0"},
				"up": {"uv": [4.375, 11.5, 3.75, 10], "texture": "#0"},
				"down": {"uv": [5, 10, 4.375, 11.5], "texture": "#0"}
			}
		},
		{
			"from": [-10.5, 16, 5],
			"to": [26.5, 18, 11],
			"rotation": {"angle": 0, "axis": "y", "origin": [-0.5, 0, 0]},
			"faces": {
				"north": {"uv": [6.25, 3.25, 10.875, 3.5], "texture": "#0"},
				"east": {"uv": [2.75, 8, 3.5, 8.25], "texture": "#0"},
				"south": {"uv": [8, 8.25, 12.625, 8.5], "texture": "#0"},
				"west": {"uv": [11.5, 8.75, 12.25, 9], "texture": "#0"},
				"up": {"uv": [10.125, 4.25, 5.5, 3.5], "texture": "#0"},
				"down": {"uv": [10.125, 4.25, 5.5, 5], "texture": "#0"}
			}
		},
		{
			"from": [-3, 9.32233, 21.87868],
			"to": [0, 13.32233, 23.87868],
			"rotation": {"angle": -22.5, "axis": "x", "origin": [-3, -5.67767, 15.87868]},
			"faces": {
				"north": {"uv": [6.625, 8.25, 7, 8.75], "texture": "#0"},
				"east": {"uv": [4.125, 11.875, 4.375, 12.375], "texture": "#0"},
				"south": {"uv": [4.375, 11.5, 4.75, 12], "texture": "#0"},
				"west": {"uv": [6.75, 11.875, 7, 12.375], "texture": "#0"},
				"up": {"uv": [3.25, 12.375, 2.875, 12.125], "texture": "#0"},
				"down": {"uv": [12.5, 3.5, 12.125, 3.75], "texture": "#0"}
			}
		},
		{
			"from": [-7.5, 9.32233, 19.87868],
			"to": [23.5, 13.32233, 21.87868],
			"rotation": {"angle": -22.5, "axis": "x", "origin": [-3.5, -5.67767, 15.87868]},
			"faces": {
				"north": {"uv": [8, 6.25, 11.875, 6.75], "texture": "#0"},
				"east": {"uv": [0.375, 12, 0.625, 12.5], "texture": "#0"},
				"south": {"uv": [8, 6.75, 11.875, 7.25], "texture": "#0"},
				"west": {"uv": [0.625, 12, 0.875, 12.5], "texture": "#0"},
				"up": {"uv": [6.625, 8.5, 2.75, 8.25], "texture": "#0"},
				"down": {"uv": [6.625, 8.5, 2.75, 8.75], "texture": "#0"}
			}
		},
		{
			"from": [-9.5, 15.49447, 27.34336],
			"to": [25.5, 20.49447, 29.34336],
			"rotation": {"angle": -45, "axis": "x", "origin": [-1.5, -3.50553, 23.34336]},
			"faces": {
				"north": {"uv": [6.25, 2, 10.625, 2.625], "texture": "#0"},
				"east": {"uv": [6.75, 11.25, 7, 11.875], "texture": "#0"},
				"south": {"uv": [6.25, 2.625, 10.625, 3.25], "texture": "#0"},
				"west": {"uv": [1.5, 11.375, 1.75, 12], "texture": "#0"},
				"up": {"uv": [12.375, 8.75, 8, 8.5], "texture": "#0"},
				"down": {"uv": [7.125, 8.75, 2.75, 9], "texture": "#0"}
			}
		},
		{
			"from": [-3, 14.72951, 28.99658],
			"to": [0, 19.72951, 30.99658],
			"rotation": {"angle": -45, "axis": "x", "origin": [-1, -3.27049, 23.24658]},
			"faces": {
				"north": {"uv": [0.75, 11.375, 1.125, 12], "texture": "#0"},
				"east": {"uv": [4.75, 11.5, 5, 12.125], "texture": "#0"},
				"south": {"uv": [1.125, 11.375, 1.5, 12], "texture": "#0"},
				"west": {"uv": [7, 11.75, 7.25, 12.375], "texture": "#0"},
				"up": {"uv": [12.5, 4, 12.125, 3.75], "texture": "#0"},
				"down": {"uv": [5, 12.125, 4.625, 12.375], "texture": "#0"}
			}
		},
		{
			"from": [16, 9.32233, 21.87868],
			"to": [19, 13.32233, 23.87868],
			"rotation": {"angle": -22.5, "axis": "x", "origin": [16, -5.67767, 15.87868]},
			"faces": {
				"north": {"uv": [7.75, 11.625, 8.125, 12.125], "texture": "#0"},
				"east": {"uv": [0.875, 12, 1.125, 12.5], "texture": "#0"},
				"south": {"uv": [11.625, 10.5, 12, 11], "texture": "#0"},
				"west": {"uv": [1.125, 12, 1.375, 12.5], "texture": "#0"},
				"up": {"uv": [12.5, 5.25, 12.125, 5], "texture": "#0"},
				"down": {"uv": [12.5, 5.25, 12.125, 5.5], "texture": "#0"}
			}
		},
		{
			"from": [16, 14.72951, 28.99658],
			"to": [19, 19.72951, 30.99658],
			"rotation": {"angle": -45, "axis": "x", "origin": [18, -3.27049, 23.24658]},
			"faces": {
				"north": {"uv": [11.375, 3.5, 11.75, 4.125], "texture": "#0"},
				"east": {"uv": [7.25, 11.75, 7.5, 12.375], "texture": "#0"},
				"south": {"uv": [11.375, 5, 11.75, 5.625], "texture": "#0"},
				"west": {"uv": [7.5, 11.75, 7.75, 12.375], "texture": "#0"},
				"up": {"uv": [8.125, 12.375, 7.75, 12.125], "texture": "#0"},
				"down": {"uv": [10, 12.125, 9.625, 12.375], "texture": "#0"}
			}
		},
		{
			"from": [-3, 14.72951, -14.99658],
			"to": [0, 19.72951, -12.99658],
			"rotation": {"angle": 45, "axis": "x", "origin": [-1, -3.27049, -7.24658]},
			"faces": {
				"north": {"uv": [11.375, 5.625, 11.75, 6.25], "texture": "#0"},
				"east": {"uv": [8.125, 11.75, 8.375, 12.375], "texture": "#0"},
				"south": {"uv": [2.25, 11.5, 2.625, 12.125], "texture": "#0"},
				"west": {"uv": [8.375, 11.75, 8.625, 12.375], "texture": "#0"},
				"up": {"uv": [10.375, 12.375, 10, 12.125], "texture": "#0"},
				"down": {"uv": [10.75, 12.125, 10.375, 12.375], "texture": "#0"}
			}
		},
		{
			"from": [-3, 9.32233, -7.87868],
			"to": [0, 13.32233, -5.87868],
			"rotation": {"angle": 22.5, "axis": "x", "origin": [-3, -5.67767, 0.12132]},
			"faces": {
				"north": {"uv": [11.125, 11.625, 11.5, 12.125], "texture": "#0"},
				"east": {"uv": [1.375, 12, 1.625, 12.5], "texture": "#0"},
				"south": {"uv": [11.5, 11.625, 11.875, 12.125], "texture": "#0"},
				"west": {"uv": [4.375, 12, 4.625, 12.5], "texture": "#0"},
				"up": {"uv": [11.125, 12.375, 10.75, 12.125], "texture": "#0"},
				"down": {"uv": [11.5, 12.125, 11.125, 12.375], "texture": "#0"}
			}
		},
		{
			"from": [-9.5, 15.49447, -13.34336],
			"to": [25.5, 20.49447, -11.34336],
			"rotation": {"angle": 45, "axis": "x", "origin": [-1.5, -3.50553, -7.34336]},
			"faces": {
				"north": {"uv": [7, 5, 11.375, 5.625], "texture": "#0"},
				"east": {"uv": [8.625, 11.75, 8.875, 12.375], "texture": "#0"},
				"south": {"uv": [7, 5.625, 11.375, 6.25], "texture": "#0"},
				"west": {"uv": [8.875, 11.75, 9.125, 12.375], "texture": "#0"},
				"up": {"uv": [11.5, 9, 7.125, 8.75], "texture": "#0"},
				"down": {"uv": [13.375, 0, 9, 0.25], "texture": "#0"}
			}
		},
		{
			"from": [-7.5, 9.32233, -5.87868],
			"to": [23.5, 13.32233, -3.87868],
			"rotation": {"angle": 22.5, "axis": "x", "origin": [-3.5, -5.67767, 0.12132]},
			"faces": {
				"north": {"uv": [8, 7.25, 11.875, 7.75], "texture": "#0"},
				"east": {"uv": [5, 12, 5.25, 12.5], "texture": "#0"},
				"south": {"uv": [8, 7.75, 11.875, 8.25], "texture": "#0"},
				"west": {"uv": [5.25, 12, 5.5, 12.5], "texture": "#0"},
				"up": {"uv": [12.875, 1.5, 9, 1.25], "texture": "#0"},
				"down": {"uv": [12.875, 1.5, 9, 1.75], "texture": "#0"}
			}
		},
		{
			"from": [16, 9.32233, -7.87868],
			"to": [19, 13.32233, -5.87868],
			"rotation": {"angle": 22.5, "axis": "x", "origin": [16, -5.67767, 0.12132]},
			"faces": {
				"north": {"uv": [11.75, 3.5, 12.125, 4], "texture": "#0"},
				"east": {"uv": [5.5, 12, 5.75, 12.5], "texture": "#0"},
				"south": {"uv": [11.75, 5, 12.125, 5.5], "texture": "#0"},
				"west": {"uv": [5.75, 12, 6, 12.5], "texture": "#0"},
				"up": {"uv": [11.875, 12.375, 11.5, 12.125], "texture": "#0"},
				"down": {"uv": [12.25, 12.125, 11.875, 12.375], "texture": "#0"}
			}
		},
		{
			"from": [16, 14.72951, -14.99658],
			"to": [19, 19.72951, -12.99658],
			"rotation": {"angle": 45, "axis": "x", "origin": [18, -3.27049, -7.24658]},
			"faces": {
				"north": {"uv": [2.625, 11.5, 3, 12.125], "texture": "#0"},
				"east": {"uv": [9.125, 11.75, 9.375, 12.375], "texture": "#0"},
				"south": {"uv": [3, 11.5, 3.375, 12.125], "texture": "#0"},
				"west": {"uv": [9.375, 11.75, 9.625, 12.375], "texture": "#0"},
				"up": {"uv": [12.625, 0.5, 12.25, 0.25], "texture": "#0"},
				"down": {"uv": [12.625, 0.5, 12.25, 0.75], "texture": "#0"}
			}
		},
		{
			"from": [0, 7, -1],
			"to": [16, 9, 17],
			"faces": {
				"north": {"uv": [10, 1, 12, 1.25], "texture": "#0"},
				"east": {"uv": [9, 1.75, 11.25, 2], "texture": "#0"},
				"south": {"uv": [0, 10.125, 2, 10.375], "texture": "#0"},
				"west": {"uv": [10, 0.25, 12.25, 0.5], "texture": "#0"},
				"up": {"uv": [5.5, 5.75, 3.5, 3.5], "texture": "#0"},
				"down": {"uv": [2, 5, 0, 7.25], "texture": "#0"}
			}
		},
		{
			"from": [2, 9, -1],
			"to": [14, 11, 17],
			"faces": {
				"north": {"uv": [11.25, 9.25, 12.75, 9.5], "texture": "#0"},
				"east": {"uv": [10, 0.5, 12.25, 0.75], "texture": "#0"},
				"south": {"uv": [11.25, 9.5, 12.75, 9.75], "texture": "#0"},
				"west": {"uv": [10, 0.75, 12.25, 1], "texture": "#0"},
				"up": {"uv": [3.5, 7.25, 2, 5], "texture": "#0"},
				"down": {"uv": [7, 5, 5.5, 7.25], "texture": "#0"}
			}
		},
		{
			"from": [9.19014, -1.80776, -1.07143],
			"to": [15.19014, 4.19224, 2.17857],
			"rotation": {"angle": 45, "axis": "z", "origin": [0.19014, 0.19224, 0.17857]},
			"faces": {
				"north": {"uv": [2.75, 7.25, 3.5, 8], "texture": "#0"},
				"east": {"uv": [6, 11.25, 6.375, 12], "texture": "#0"},
				"south": {"uv": [7, 10, 7.75, 10.75], "texture": "#0"},
				"west": {"uv": [6.375, 11.25, 6.75, 12], "texture": "#0"},
				"up": {"uv": [12, 10.125, 11.25, 9.75], "texture": "#0"},
				"down": {"uv": [11.875, 11.25, 11.125, 11.625], "texture": "#0"}
			}
		},
		{
			"from": [9.19014, 3.19224, -2.32143],
			"to": [15.19014, 4.19224, -1.07143],
			"rotation": {"angle": 45, "axis": "z", "origin": [0.19014, 0.19224, 0.17857]},
			"faces": {
				"north": {"uv": [12.25, 0.75, 13, 0.875], "texture": "#0"},
				"east": {"uv": [12.375, 11.875, 12.5, 12], "texture": "#0"},
				"south": {"uv": [12.25, 0.875, 13, 1], "texture": "#0"},
				"west": {"uv": [12, 12.375, 12.125, 12.5], "texture": "#0"},
				"up": {"uv": [2.375, 12.375, 1.625, 12.25], "texture": "#0"},
				"down": {"uv": [13, 2.875, 12.25, 3], "texture": "#0"}
			}
		},
		{
			"from": [9.19014, -1.80776, -2.32143],
			"to": [15.19014, -0.80776, -1.07143],
			"rotation": {"angle": 45, "axis": "z", "origin": [0.19014, 0.19224, 0.17857]},
			"faces": {
				"north": {"uv": [12.25, 3, 13, 3.125], "texture": "#0"},
				"east": {"uv": [12.125, 12.375, 12.25, 12.5], "texture": "#0"},
				"south": {"uv": [12.25, 3.125, 13, 3.25], "texture": "#0"},
				"west": {"uv": [12.375, 12.125, 12.5, 12.25], "texture": "#0"},
				"up": {"uv": [4, 12.375, 3.25, 12.25], "texture": "#0"},
				"down": {"uv": [13, 4, 12.25, 4.125], "texture": "#0"}
			}
		},
		{
			"from": [14.19014, -0.80776, -2.32143],
			"to": [15.19014, 3.19224, -1.07143],
			"rotation": {"angle": 45, "axis": "z", "origin": [0.19014, 0.19224, 0.17857]},
			"faces": {
				"north": {"uv": [6.625, 12, 6.75, 12.5], "texture": "#0"},
				"east": {"uv": [4, 12.25, 4.125, 12.75], "texture": "#0"},
				"south": {"uv": [12.25, 11, 12.375, 11.5], "texture": "#0"},
				"west": {"uv": [12.25, 11.5, 12.375, 12], "texture": "#0"},
				"up": {"uv": [12.5, 12.375, 12.375, 12.25], "texture": "#0"},
				"down": {"uv": [12.5, 12.375, 12.375, 12.5], "texture": "#0"}
			}
		},
		{
			"from": [10.94014, -0.05776, -1.82143],
			"to": [13.44014, 2.44224, -1.07143],
			"rotation": {"angle": 45, "axis": "z", "origin": [0.19014, 0.19224, 0.17857]},
			"faces": {
				"north": {"uv": [11.875, 4, 12.25, 4.375], "texture": "#0"},
				"east": {"uv": [4.25, 12.375, 4.375, 12.75], "texture": "#0"},
				"south": {"uv": [11.875, 6.25, 12.25, 6.625], "texture": "#0"},
				"west": {"uv": [4.625, 12.375, 4.75, 12.75], "texture": "#0"},
				"up": {"uv": [12.75, 5.625, 12.375, 5.5], "texture": "#0"},
				"down": {"uv": [12.75, 5.625, 12.375, 5.75], "texture": "#0"}
			}
		},
		{
			"from": [9.19014, -0.80776, -2.32143],
			"to": [10.19014, 3.19224, -1.07143],
			"rotation": {"angle": 45, "axis": "z", "origin": [0.19014, 0.19224, 0.17857]},
			"faces": {
				"north": {"uv": [12.25, 12.125, 12.375, 12.625], "texture": "#0"},
				"east": {"uv": [0, 12.375, 0.125, 12.875], "texture": "#0"},
				"south": {"uv": [0.125, 12.375, 0.25, 12.875], "texture": "#0"},
				"west": {"uv": [0.25, 12.375, 0.375, 12.875], "texture": "#0"},
				"up": {"uv": [0.5, 12.625, 0.375, 12.5], "texture": "#0"},
				"down": {"uv": [0.625, 12.5, 0.5, 12.625], "texture": "#0"}
			}
		},
		{
			"from": [-6, 0, -2],
			"to": [22, 1, 18],
			"faces": {
				"north": {"uv": [10.125, 4.625, 13.625, 4.75], "texture": "#0"},
				"east": {"uv": [10.125, 4.875, 12.625, 5], "texture": "#0"},
				"south": {"uv": [10.125, 4.75, 13.625, 4.875], "texture": "#0"},
				"west": {"uv": [10.875, 3.375, 13.375, 3.5], "texture": "#0"},
				"up": {"uv": [3.5, 2.5, 0, 0], "texture": "#0"},
				"down": {"uv": [3.5, 2.5, 0, 5], "texture": "#0"}
			}
		},
		{
			"from": [13, 1, -1],
			"to": [21, 2, 7],
			"faces": {
				"north": {"uv": [1, 9.625, 2, 9.75], "texture": "#0"},
				"east": {"uv": [11.375, 4.5, 12.375, 4.625], "texture": "#0"},
				"south": {"uv": [11.875, 3.25, 12.875, 3.375], "texture": "#0"},
				"west": {"uv": [11.875, 4.375, 12.875, 4.5], "texture": "#0"},
				"up": {"uv": [6.5, 8.25, 5.5, 7.25], "texture": "#0"},
				"down": {"uv": [10, 0.25, 9, 1.25], "texture": "#0"}
			}
		},
		{
			"from": [-5, 1, -1],
			"to": [3, 2, 7],
			"faces": {
				"north": {"uv": [11.875, 8.125, 12.875, 8.25], "texture": "#0"},
				"east": {"uv": [12, 1, 13, 1.125], "texture": "#0"},
				"south": {"uv": [12, 1.125, 13, 1.25], "texture": "#0"},
				"west": {"uv": [12, 2, 13, 2.125], "texture": "#0"},
				"up": {"uv": [3.75, 10, 2.75, 9], "texture": "#0"},
				"down": {"uv": [4.75, 9, 3.75, 10], "texture": "#0"}
			}
		},
		{
			"from": [-6, 1, -2],
			"to": [-3, 2, 1],
			"faces": {
				"north": {"uv": [12.375, 5.75, 12.75, 5.875], "texture": "#0"},
				"east": {"uv": [12.375, 5.875, 12.75, 6], "texture": "#0"},
				"south": {"uv": [6, 12.375, 6.375, 12.5], "texture": "#0"},
				"west": {"uv": [12.375, 6, 12.75, 6.125], "texture": "#0"},
				"up": {"uv": [12.25, 7, 11.875, 6.625], "texture": "#0"},
				"down": {"uv": [12.25, 7, 11.875, 7.375], "texture": "#0"}
			}
		},
		{
			"from": [-6, 1, 15],
			"to": [-3, 2, 18],
			"faces": {
				"north": {"uv": [12.375, 6.125, 12.75, 6.25], "texture": "#0"},
				"east": {"uv": [6.75, 12.375, 7.125, 12.5], "texture": "#0"},
				"south": {"uv": [7.125, 12.375, 7.5, 12.5], "texture": "#0"},
				"west": {"uv": [7.5, 12.375, 7.875, 12.5], "texture": "#0"},
				"up": {"uv": [12.25, 7.75, 11.875, 7.375], "texture": "#0"},
				"down": {"uv": [12.25, 7.75, 11.875, 8.125], "texture": "#0"}
			}
		},
		{
			"from": [19, 1, 15],
			"to": [22, 2, 18],
			"faces": {
				"north": {"uv": [7.875, 12.375, 8.25, 12.5], "texture": "#0"},
				"east": {"uv": [8.25, 12.375, 8.625, 12.5], "texture": "#0"},
				"south": {"uv": [12.375, 8.5, 12.75, 8.625], "texture": "#0"},
				"west": {"uv": [8.625, 12.375, 9, 12.5], "texture": "#0"},
				"up": {"uv": [12.25, 10.5, 11.875, 10.125], "texture": "#0"},
				"down": {"uv": [12.25, 11.25, 11.875, 11.625], "texture": "#0"}
			}
		},
		{
			"from": [19, 1, -2],
			"to": [22, 2, 1],
			"faces": {
				"north": {"uv": [12.375, 8.625, 12.75, 8.75], "texture": "#0"},
				"east": {"uv": [9, 12.375, 9.375, 12.5], "texture": "#0"},
				"south": {"uv": [9.375, 12.375, 9.75, 12.5], "texture": "#0"},
				"west": {"uv": [9.75, 12.375, 10.125, 12.5], "texture": "#0"},
				"up": {"uv": [12.25, 12, 11.875, 11.625], "texture": "#0"},
				"down": {"uv": [0.375, 12, 0, 12.375], "texture": "#0"}
			}
		},
		{
			"from": [-5, 1, 9],
			"to": [3, 2, 17],
			"faces": {
				"north": {"uv": [12, 2.125, 13, 2.25], "texture": "#0"},
				"east": {"uv": [12, 2.25, 13, 2.375], "texture": "#0"},
				"south": {"uv": [12, 9.75, 13, 9.875], "texture": "#0"},
				"west": {"uv": [12, 9.875, 13, 10], "texture": "#0"},
				"up": {"uv": [5.75, 10, 4.75, 9], "texture": "#0"},
				"down": {"uv": [6.75, 9, 5.75, 10], "texture": "#0"}
			}
		},
		{
			"from": [13, 1, 9],
			"to": [21, 2, 17],
			"faces": {
				"north": {"uv": [12, 10, 13, 10.125], "texture": "#0"},
				"east": {"uv": [12, 10.5, 13, 10.625], "texture": "#0"},
				"south": {"uv": [12, 10.625, 13, 10.75], "texture": "#0"},
				"west": {"uv": [12, 10.75, 13, 10.875], "texture": "#0"},
				"up": {"uv": [7.75, 10, 6.75, 9], "texture": "#0"},
				"down": {"uv": [8.75, 9, 7.75, 10], "texture": "#0"}
			}
		},
		{
			"from": [16, 2, -1],
			"to": [21, 3, 4],
			"faces": {
				"north": {"uv": [12.25, 6.5, 12.875, 6.625], "texture": "#0"},
				"east": {"uv": [12.25, 6.625, 12.875, 6.75], "texture": "#0"},
				"south": {"uv": [12.25, 6.75, 12.875, 6.875], "texture": "#0"},
				"west": {"uv": [12.25, 6.875, 12.875, 7], "texture": "#0"},
				"up": {"uv": [8.375, 10.625, 7.75, 10], "texture": "#0"},
				"down": {"uv": [9, 10.125, 8.375, 10.75], "texture": "#0"}
			}
		},
		{
			"from": [-5, 2, -1],
			"to": [0, 3, 4],
			"faces": {
				"north": {"uv": [12.25, 7, 12.875, 7.125], "texture": "#0"},
				"east": {"uv": [12.25, 7.125, 12.875, 7.25], "texture": "#0"},
				"south": {"uv": [12.25, 7.25, 12.875, 7.375], "texture": "#0"},
				"west": {"uv": [12.25, 7.375, 12.875, 7.5], "texture": "#0"},
				"up": {"uv": [9.625, 10.75, 9, 10.125], "texture": "#0"},
				"down": {"uv": [10.25, 10.125, 9.625, 10.75], "texture": "#0"}
			}
		},
		{
			"from": [-5, 2, 12],
			"to": [0, 3, 17],
			"faces": {
				"north": {"uv": [12.25, 7.5, 12.875, 7.625], "texture": "#0"},
				"east": {"uv": [12.25, 7.625, 12.875, 7.75], "texture": "#0"},
				"south": {"uv": [12.25, 7.75, 12.875, 7.875], "texture": "#0"},
				"west": {"uv": [12.25, 7.875, 12.875, 8], "texture": "#0"},
				"up": {"uv": [10.875, 10.75, 10.25, 10.125], "texture": "#0"},
				"down": {"uv": [0.625, 10.375, 0, 11], "texture": "#0"}
			}
		},
		{
			"from": [16, 2, 12],
			"to": [21, 3, 17],
			"faces": {
				"north": {"uv": [12.25, 8, 12.875, 8.125], "texture": "#0"},
				"east": {"uv": [12.25, 8.75, 12.875, 8.875], "texture": "#0"},
				"south": {"uv": [12.25, 8.875, 12.875, 9], "texture": "#0"},
				"west": {"uv": [12.25, 10.125, 12.875, 10.25], "texture": "#0"},
				"up": {"uv": [1.25, 11, 0.625, 10.375], "texture": "#0"},
				"down": {"uv": [1.875, 10.375, 1.25, 11], "texture": "#0"}
			}
		}
	],
	"display": {
		"thirdperson_righthand": {
			"rotation": [70, 39, 0]
		}
	}
}