{
  "parent": "builtin/generated",
  "textures": {"layer0":"item/paper"},
  "overrides": [
    {
      "predicate": {
        "custom_model_data": 1
      },
      "model": "mchub:blacklisted"
    },
    {
      "predicate": {
        "custom_model_data": 2
      },
      "model": "mchub:info"
    },
    {
      "predicate": {
        "custom_model_data": 3
      },
      "model": "mchub:plus"
    },
    {
      "predicate": {
        "custom_model_data": 4
      },
      "model": "mchub:status-closed"
    },
    {
      "predicate": {
        "custom_model_data": 5
      },
      "model": "mchub:status-open"
    },
    {
      "predicate": {
        "custom_model_data": 6
      },
      "model": "mchub:teleport"
    },
    {
      "predicate": {
        "custom_model_data": 7
      },
      "model": "mchub:yourland"
    }
  ]
}