{
	"credit": "Made with Blockbench",
	"texture_size": [32, 32],
	"textures": {
		"0": "minecraft:item/keys/trident_key"
	},
	"elements": [
		{
			"name": "hexadecagon",
			"from": [6.05, 9.05, 6.90163],
			"to": [6.7, 9.7, 8.09837],
			"rotation": {"angle": 0, "axis": "x", "origin": [8, 9.25, 7.5]},
			"faces": {
				"north": {"uv": [3.5, 7.5, 4, 8], "texture": "#0"},
				"east": {"uv": [8, 1, 8.5, 1.5], "texture": "#0"},
				"south": {"uv": [8, 1.5, 8.5, 2], "texture": "#0"},
				"west": {"uv": [8, 2, 8.5, 2.5], "texture": "#0"},
				"up": {"uv": [8.5, 3.5, 8, 3], "texture": "#0"},
				"down": {"uv": [8.5, 4, 8, 4.5], "texture": "#0"}
			}
		},
		{
			"name": "hexadecagon",
			"from": [9.3, 9.05, 6.90163],
			"to": [9.95, 9.7, 8.09837],
			"rotation": {"angle": 0, "axis": "x", "origin": [8, 9.25, 7.5]},
			"faces": {
				"north": {"uv": [8, 4.5, 8.5, 5], "texture": "#0"},
				"east": {"uv": [8, 5, 8.5, 5.5], "texture": "#0"},
				"south": {"uv": [8, 5.5, 8.5, 6], "texture": "#0"},
				"west": {"uv": [0, 8.5, 0.5, 9], "texture": "#0"},
				"up": {"uv": [1, 9, 0.5, 8.5], "texture": "#0"},
				"down": {"uv": [1.5, 8.5, 1, 9], "texture": "#0"}
			}
		},
		{
			"name": "hexadecagon",
			"from": [7.65, 9.05, 6.90163],
			"to": [8.3, 9.7, 8.09837],
			"rotation": {"angle": 0, "axis": "x", "origin": [8, 9.25, 7.5]},
			"faces": {
				"north": {"uv": [1.5, 8.5, 2, 9], "texture": "#0"},
				"east": {"uv": [2, 8.5, 2.5, 9], "texture": "#0"},
				"south": {"uv": [2.5, 8.5, 3, 9], "texture": "#0"},
				"west": {"uv": [3, 8.5, 3.5, 9], "texture": "#0"},
				"up": {"uv": [4, 9, 3.5, 8.5], "texture": "#0"},
				"down": {"uv": [4.5, 8.5, 4, 9], "texture": "#0"}
			}
		},
		{
			"name": "hexadecagon",
			"from": [7.40326, 0, 7],
			"to": [8.59674, 8, 8],
			"rotation": {"angle": 0, "axis": "x", "origin": [8, 9, 7.5]},
			"faces": {
				"north": {"uv": [0, 0, 0.5, 4], "texture": "#0"},
				"east": {"uv": [0.5, 0.5, 1, 4.5], "texture": "#0"},
				"south": {"uv": [1, 1, 1.5, 5], "texture": "#0"},
				"west": {"uv": [1.5, 1.5, 2, 5.5], "texture": "#0"},
				"up": {"uv": [1, 0.5, 0.5, 0], "texture": "#0"},
				"down": {"uv": [1, 4.5, 0.5, 5], "texture": "#0"}
			}
		},
		{
			"name": "hexadecagon",
			"from": [9.79021, 1, 7],
			"to": [10.79021, 2, 8],
			"rotation": {"angle": 0, "axis": "x", "origin": [8.13694, 9, 7.5]},
			"faces": {
				"north": {"uv": [4.5, 8.5, 5, 9], "texture": "#0"},
				"east": {"uv": [5, 8.5, 5.5, 9], "texture": "#0"},
				"south": {"uv": [5.5, 8.5, 6, 9], "texture": "#0"},
				"west": {"uv": [6, 8.5, 6.5, 9], "texture": "#0"},
				"up": {"uv": [7, 9, 6.5, 8.5], "texture": "#0"},
				"down": {"uv": [7.5, 8.5, 7, 9], "texture": "#0"}
			}
		},
		{
			"name": "hexadecagon",
			"from": [9.79021, 3, 7],
			"to": [10.79021, 4, 8],
			"rotation": {"angle": 0, "axis": "x", "origin": [8.13694, 9, 7.5]},
			"faces": {
				"north": {"uv": [8.5, 8.5, 9, 9], "texture": "#0"},
				"east": {"uv": [8.5, 0, 9, 0.5], "texture": "#0"},
				"south": {"uv": [8.5, 0.5, 9, 1], "texture": "#0"},
				"west": {"uv": [8.5, 1, 9, 1.5], "texture": "#0"},
				"up": {"uv": [9, 2, 8.5, 1.5], "texture": "#0"},
				"down": {"uv": [9, 2, 8.5, 2.5], "texture": "#0"}
			}
		},
		{
			"name": "hexadecagon",
			"from": [8.59674, 1.5, 7],
			"to": [9.34674, 3.5, 8],
			"rotation": {"angle": 0, "axis": "x", "origin": [7.94347, 9, 7.5]},
			"faces": {
				"north": {"uv": [0, 4, 0.5, 5], "texture": "#0"},
				"east": {"uv": [0, 7.5, 0.5, 8.5], "texture": "#0"},
				"south": {"uv": [0.5, 7.5, 1, 8.5], "texture": "#0"},
				"west": {"uv": [1, 7.5, 1.5, 8.5], "texture": "#0"},
				"up": {"uv": [9, 3, 8.5, 2.5], "texture": "#0"},
				"down": {"uv": [9, 3, 8.5, 3.5], "texture": "#0"}
			}
		},
		{
			"name": "hexadecagon",
			"from": [8.59674, 0, 7],
			"to": [10.79021, 1, 8],
			"rotation": {"angle": 0, "axis": "x", "origin": [7.94347, 9, 7.5]},
			"faces": {
				"north": {"uv": [7.5, 7.5, 8.5, 8], "texture": "#0"},
				"east": {"uv": [8.5, 3.5, 9, 4], "texture": "#0"},
				"south": {"uv": [7.5, 2.5, 8.5, 3], "texture": "#0"},
				"west": {"uv": [8.5, 4, 9, 4.5], "texture": "#0"},
				"up": {"uv": [8.5, 4, 7.5, 3.5], "texture": "#0"},
				"down": {"uv": [8.5, 6, 7.5, 6.5], "texture": "#0"}
			}
		},
		{
			"name": "hexadecagon",
			"from": [8.59674, 4, 7],
			"to": [10.79021, 5, 8],
			"rotation": {"angle": 0, "axis": "x", "origin": [7.94347, 9, 7.5]},
			"faces": {
				"north": {"uv": [7.5, 6.5, 8.5, 7], "texture": "#0"},
				"east": {"uv": [8.5, 4.5, 9, 5], "texture": "#0"},
				"south": {"uv": [7.5, 7, 8.5, 7.5], "texture": "#0"},
				"west": {"uv": [8.5, 5, 9, 5.5], "texture": "#0"},
				"up": {"uv": [3, 8.5, 2, 8], "texture": "#0"},
				"down": {"uv": [4, 8, 3, 8.5], "texture": "#0"}
			}
		},
		{
			"name": "hexadecagon",
			"from": [7.70163, 8, 6],
			"to": [8.29837, 8.5, 9],
			"rotation": {"angle": -45, "axis": "y", "origin": [8, 9.25, 7.5]},
			"faces": {
				"north": {"uv": [8.5, 5.5, 9, 6], "texture": "#0"},
				"east": {"uv": [0, 5, 1.5, 5.5], "texture": "#0"},
				"south": {"uv": [8.5, 6, 9, 6.5], "texture": "#0"},
				"west": {"uv": [0, 5.5, 1.5, 6], "texture": "#0"},
				"up": {"uv": [2, 7, 1.5, 5.5], "texture": "#0"},
				"down": {"uv": [4.5, 5.5, 4, 7], "texture": "#0"}
			}
		},
		{
			"name": "hexadecagon",
			"from": [7.70163, 8, 6],
			"to": [8.29837, 8.5, 9],
			"rotation": {"angle": -22.5, "axis": "y", "origin": [8, 9.25, 7.5]},
			"faces": {
				"north": {"uv": [8.5, 6.5, 9, 7], "texture": "#0"},
				"east": {"uv": [4.5, 5.5, 6, 6], "texture": "#0"},
				"south": {"uv": [8.5, 7, 9, 7.5], "texture": "#0"},
				"west": {"uv": [5.5, 0, 7, 0.5], "texture": "#0"},
				"up": {"uv": [0.5, 7.5, 0, 6], "texture": "#0"},
				"down": {"uv": [1, 6, 0.5, 7.5], "texture": "#0"}
			}
		},
		{
			"name": "hexadecagon",
			"from": [7.70163, 8, 6],
			"to": [8.29837, 8.5, 9],
			"rotation": {"angle": 0, "axis": "x", "origin": [8, 9.25, 7.5]},
			"faces": {
				"north": {"uv": [8.5, 7.5, 9, 8], "texture": "#0"},
				"east": {"uv": [5.5, 0.5, 7, 1], "texture": "#0"},
				"south": {"uv": [8.5, 8, 9, 8.5], "texture": "#0"},
				"west": {"uv": [2, 6, 3.5, 6.5], "texture": "#0"},
				"up": {"uv": [1.5, 7.5, 1, 6], "texture": "#0"},
				"down": {"uv": [4, 6, 3.5, 7.5], "texture": "#0"}
			}
		},
		{
			"name": "hexadecagon",
			"from": [7.70163, 8, 6],
			"to": [8.29837, 8.5, 9],
			"rotation": {"angle": 22.5, "axis": "y", "origin": [8, 9.25, 7.5]},
			"faces": {
				"north": {"uv": [0, 9, 0.5, 9.5], "texture": "#0"},
				"east": {"uv": [4.5, 6, 6, 6.5], "texture": "#0"},
				"south": {"uv": [0.5, 9, 1, 9.5], "texture": "#0"},
				"west": {"uv": [6, 6, 7.5, 6.5], "texture": "#0"},
				"up": {"uv": [6.5, 6, 6, 4.5], "texture": "#0"},
				"down": {"uv": [2.5, 6.5, 2, 8], "texture": "#0"}
			}
		},
		{
			"name": "hexadecagon",
			"from": [7.70163, 8, 6],
			"to": [8.29837, 8.5, 9],
			"rotation": {"angle": 45, "axis": "y", "origin": [8, 9.25, 7.5]},
			"faces": {
				"north": {"uv": [1, 9, 1.5, 9.5], "texture": "#0"},
				"east": {"uv": [6, 2.5, 7.5, 3], "texture": "#0"},
				"south": {"uv": [1.5, 9, 2, 9.5], "texture": "#0"},
				"west": {"uv": [6, 3.5, 7.5, 4], "texture": "#0"},
				"up": {"uv": [3, 8, 2.5, 6.5], "texture": "#0"},
				"down": {"uv": [3.5, 6.5, 3, 8], "texture": "#0"}
			}
		},
		{
			"name": "hexadecagon",
			"from": [6.5, 8, 7.20163],
			"to": [9.5, 8.5, 7.79837],
			"rotation": {"angle": -22.5, "axis": "y", "origin": [8, 9.25, 7.5]},
			"faces": {
				"north": {"uv": [4.5, 6.5, 6, 7], "texture": "#0"},
				"east": {"uv": [2, 9, 2.5, 9.5], "texture": "#0"},
				"south": {"uv": [6, 6.5, 7.5, 7], "texture": "#0"},
				"west": {"uv": [2.5, 9, 3, 9.5], "texture": "#0"},
				"up": {"uv": [8, 1.5, 6.5, 1], "texture": "#0"},
				"down": {"uv": [8, 1.5, 6.5, 2], "texture": "#0"}
			}
		},
		{
			"name": "hexadecagon",
			"from": [6.5, 8, 7.20163],
			"to": [9.5, 8.5, 7.79837],
			"rotation": {"angle": 0, "axis": "x", "origin": [8, 9.25, 7.5]},
			"faces": {
				"north": {"uv": [6.5, 2, 8, 2.5], "texture": "#0"},
				"east": {"uv": [3, 9, 3.5, 9.5], "texture": "#0"},
				"south": {"uv": [6.5, 3, 8, 3.5], "texture": "#0"},
				"west": {"uv": [3.5, 9, 4, 9.5], "texture": "#0"},
				"up": {"uv": [8, 4.5, 6.5, 4], "texture": "#0"},
				"down": {"uv": [8, 4.5, 6.5, 5], "texture": "#0"}
			}
		},
		{
			"name": "hexadecagon",
			"from": [5.8, 8.6, 7.00163],
			"to": [10.2, 10.15, 7.99837],
			"rotation": {"angle": 0, "axis": "x", "origin": [8, 9.25, 7.5]},
			"faces": {
				"north": {"uv": [1, 0, 3, 1], "texture": "#0"},
				"east": {"uv": [7.5, 8, 8, 9], "texture": "#0"},
				"south": {"uv": [2, 2, 4, 3], "texture": "#0"},
				"west": {"uv": [8, 8, 8.5, 9], "texture": "#0"},
				"up": {"uv": [6, 3, 4, 2.5], "texture": "#0"},
				"down": {"uv": [6, 3.5, 4, 4], "texture": "#0"}
			}
		},
		{
			"name": "hexadecagon",
			"from": [5.7, 10.1, 6.90163],
			"to": [10.3, 10.25, 8.09837],
			"rotation": {"angle": 0, "axis": "x", "origin": [8, 9.25, 7.5]},
			"faces": {
				"north": {"uv": [1.5, 1, 4, 1.5], "texture": "#0"},
				"east": {"uv": [4, 9, 4.5, 9.5], "texture": "#0"},
				"south": {"uv": [2, 1.5, 4.5, 2], "texture": "#0"},
				"west": {"uv": [4.5, 9, 5, 9.5], "texture": "#0"},
				"up": {"uv": [4.5, 3.5, 2, 3], "texture": "#0"},
				"down": {"uv": [5.5, 0, 3, 0.5], "texture": "#0"}
			}
		},
		{
			"name": "hexadecagon",
			"from": [5.9, 10.75, 7.10163],
			"to": [6.6, 13.4, 7.89837],
			"rotation": {"angle": 0, "axis": "x", "origin": [8, 9.25, 7.5]},
			"faces": {
				"north": {"uv": [1.5, 7, 2, 8.5], "texture": "#0"},
				"east": {"uv": [4, 7, 4.5, 8.5], "texture": "#0"},
				"south": {"uv": [4.5, 7, 5, 8.5], "texture": "#0"},
				"west": {"uv": [5, 7, 5.5, 8.5], "texture": "#0"},
				"up": {"uv": [5.5, 9.5, 5, 9], "texture": "#0"},
				"down": {"uv": [6, 9, 5.5, 9.5], "texture": "#0"}
			}
		},
		{
			"name": "hexadecagon",
			"from": [9.4, 10.75, 7.10163],
			"to": [10.1, 13.4, 7.89837],
			"rotation": {"angle": 0, "axis": "x", "origin": [8, 9.25, 7.5]},
			"faces": {
				"north": {"uv": [5.5, 7, 6, 8.5], "texture": "#0"},
				"east": {"uv": [6, 7, 6.5, 8.5], "texture": "#0"},
				"south": {"uv": [6.5, 7, 7, 8.5], "texture": "#0"},
				"west": {"uv": [7, 7, 7.5, 8.5], "texture": "#0"},
				"up": {"uv": [6.5, 9.5, 6, 9], "texture": "#0"},
				"down": {"uv": [7, 9, 6.5, 9.5], "texture": "#0"}
			}
		},
		{
			"name": "hexadecagon",
			"from": [8.46226, 11.65201, 7.10163],
			"to": [9.61226, 12.10201, 7.89837],
			"rotation": {"angle": 22.5, "axis": "z", "origin": [5.46226, 13.75201, 7.5]},
			"faces": {
				"north": {"uv": [7, 9, 7.5, 9.5], "texture": "#0"},
				"east": {"uv": [7.5, 9, 8, 9.5], "texture": "#0"},
				"south": {"uv": [8, 9, 8.5, 9.5], "texture": "#0"},
				"west": {"uv": [8.5, 9, 9, 9.5], "texture": "#0"},
				"up": {"uv": [9.5, 9.5, 9, 9], "texture": "#0"},
				"down": {"uv": [9.5, 0, 9, 0.5], "texture": "#0"}
			}
		},
		{
			"name": "hexadecagon",
			"from": [6.932, 14.3882, 7.10163],
			"to": [8.082, 14.8382, 7.89837],
			"rotation": {"angle": -22.5, "axis": "z", "origin": [3.932, 16.4882, 7.5]},
			"faces": {
				"north": {"uv": [9, 0.5, 9.5, 1], "texture": "#0"},
				"east": {"uv": [9, 1, 9.5, 1.5], "texture": "#0"},
				"south": {"uv": [9, 1.5, 9.5, 2], "texture": "#0"},
				"west": {"uv": [9, 2, 9.5, 2.5], "texture": "#0"},
				"up": {"uv": [9.5, 3, 9, 2.5], "texture": "#0"},
				"down": {"uv": [9.5, 3, 9, 3.5], "texture": "#0"}
			}
		},
		{
			"name": "hexadecagon",
			"from": [7.65, 10.75, 7.10163],
			"to": [8.35, 15.4, 7.89837],
			"rotation": {"angle": 0, "axis": "x", "origin": [8, 9.25, 7.5]},
			"faces": {
				"north": {"uv": [2, 3.5, 2.5, 6], "texture": "#0"},
				"east": {"uv": [2.5, 3.5, 3, 6], "texture": "#0"},
				"south": {"uv": [3, 3.5, 3.5, 6], "texture": "#0"},
				"west": {"uv": [3.5, 3.5, 4, 6], "texture": "#0"},
				"up": {"uv": [9.5, 4, 9, 3.5], "texture": "#0"},
				"down": {"uv": [9.5, 4, 9, 4.5], "texture": "#0"}
			}
		},
		{
			"name": "hexadecagon",
			"from": [5.9, 10.25, 7.10163],
			"to": [10.1, 10.75, 7.89837],
			"rotation": {"angle": 0, "axis": "x", "origin": [8, 9.25, 7.5]},
			"faces": {
				"north": {"uv": [4, 4.5, 6, 5], "texture": "#0"},
				"east": {"uv": [9, 4.5, 9.5, 5], "texture": "#0"},
				"south": {"uv": [4.5, 1.5, 6.5, 2], "texture": "#0"},
				"west": {"uv": [9, 5, 9.5, 5.5], "texture": "#0"},
				"up": {"uv": [6.5, 3.5, 4.5, 3], "texture": "#0"},
				"down": {"uv": [6, 5, 4, 5.5], "texture": "#0"}
			}
		},
		{
			"name": "hexadecagon",
			"from": [7.32825, 14.80434, 7.10163],
			"to": [8.67825, 15.15434, 7.89837],
			"rotation": {"angle": 0, "axis": "x", "origin": [7.67825, 9.00434, 7.5]},
			"faces": {
				"north": {"uv": [9, 5.5, 9.5, 6], "texture": "#0"},
				"east": {"uv": [9, 6, 9.5, 6.5], "texture": "#0"},
				"south": {"uv": [9, 6.5, 9.5, 7], "texture": "#0"},
				"west": {"uv": [9, 7, 9.5, 7.5], "texture": "#0"},
				"up": {"uv": [9.5, 8, 9, 7.5], "texture": "#0"},
				"down": {"uv": [9.5, 8, 9, 8.5], "texture": "#0"}
			}
		},
		{
			"name": "hexadecagon",
			"from": [3.35, 12.95, 7.10163],
			"to": [4.3, 13.9, 7.89837],
			"rotation": {"angle": -45, "axis": "z", "origin": [8, 9.25, 7.5]},
			"faces": {
				"north": {"uv": [9, 8.5, 9.5, 9], "texture": "#0"},
				"east": {"uv": [0, 9.5, 0.5, 10], "texture": "#0"},
				"south": {"uv": [0.5, 9.5, 1, 10], "texture": "#0"},
				"west": {"uv": [1, 9.5, 1.5, 10], "texture": "#0"},
				"up": {"uv": [2, 10, 1.5, 9.5], "texture": "#0"},
				"down": {"uv": [2.5, 9.5, 2, 10], "texture": "#0"}
			}
		},
		{
			"name": "hexadecagon",
			"from": [5.7, 8.5, 6.90163],
			"to": [10.3, 8.65, 8.09837],
			"rotation": {"angle": 0, "axis": "x", "origin": [8, 9.25, 7.5]},
			"faces": {
				"north": {"uv": [3, 0.5, 5.5, 1], "texture": "#0"},
				"east": {"uv": [2.5, 9.5, 3, 10], "texture": "#0"},
				"south": {"uv": [4, 4, 6.5, 4.5], "texture": "#0"},
				"west": {"uv": [3, 9.5, 3.5, 10], "texture": "#0"},
				"up": {"uv": [6.5, 1.5, 4, 1], "texture": "#0"},
				"down": {"uv": [6.5, 2, 4, 2.5], "texture": "#0"}
			}
		},
		{
			"name": "hexadecagon",
			"from": [6.5, 8, 7.20163],
			"to": [9.5, 8.5, 7.79837],
			"rotation": {"angle": 22.5, "axis": "y", "origin": [8, 9.25, 7.5]},
			"faces": {
				"north": {"uv": [6.5, 5, 8, 5.5], "texture": "#0"},
				"east": {"uv": [3.5, 9.5, 4, 10], "texture": "#0"},
				"south": {"uv": [6.5, 5.5, 8, 6], "texture": "#0"},
				"west": {"uv": [4, 9.5, 4.5, 10], "texture": "#0"},
				"up": {"uv": [8.5, 0.5, 7, 0], "texture": "#0"},
				"down": {"uv": [8.5, 0.5, 7, 1], "texture": "#0"}
			}
		}
	],
	"display": {
		"thirdperson_righthand": {
			"rotation": [-90, -90, -180],
			"translation": [-0.25, 0, -0.5],
			"scale": [0.5, 0.5, 0.5]
		},
		"thirdperson_lefthand": {
			"rotation": [-90, 90, -180],
			"translation": [0.5, 0, -0.5],
			"scale": [0.5, 0.5, 0.5]
		},
		"firstperson_righthand": {
			"rotation": [145, -90, 0],
			"translation": [2.5, 3, 0],
			"scale": [0.75, 0.75, 0.75]
		},
		"firstperson_lefthand": {
			"rotation": [145, 90, 0],
			"translation": [3, 3, 0],
			"scale": [0.75, 0.75, 0.75]
		},
		"ground": {
			"translation": [0, 2, 0],
			"scale": [0.75, 0.75, 0.75]
		},
		"gui": {
			"rotation": [0, -30, 45],
			"translation": [-2.5, 1.75, 0],
			"scale": [1.5, 1.5, 1.5]
		},
		"fixed": {
			"rotation": [0, -180, 0],
			"translation": [0, 2, -1.25]
		}
	},
	"groups": [
		{
			"name": "Trident Key",
			"origin": [8, 8, 8],
			"children": [
				{
					"name": "Details",
					"origin": [8, 8, 8],
					"children": [
						{
							"name": "Lobster",
							"origin": [8, 8, 8],
							"children": []
						}, 0, 1, 2]
				},
				{
					"name": "Bottom",
					"origin": [8, 8, 8],
					"children": [3, 4, 5, 6, 7, 8]
				},
				{
					"name": "Top",
					"origin": [8, 8, 8],
					"children": [9, 10, 11, 12, 13, 14, 15, 16, 17, 18, 19, 20, 21, 22, 23, 24, 25, 26, 27]
				}
			]
		}
	]
}