{
	"credit": "Made with Blockbench",
	"textures": {
		"0": "mchub:hats/bunny-ears",
		"particle": "mchub:hats/bunny-ears"
	},
	"elements": [
		{
			"name": "head",
			"from": [7, 4.25, 7.5],
			"to": [9, 10.25, 8.5],
			"rotation": {"angle": 22.5, "axis": "z", "origin": [0, 0, 0]},
			"faces": {
				"north": {"uv": [0, 0, 2, 6], "texture": "#0"},
				"east": {"uv": [4, 0, 5, 6], "texture": "#0"},
				"south": {"uv": [2, 0, 4, 6], "texture": "#0"},
				"west": {"uv": [5, 0, 6, 6], "texture": "#0"},
				"up": {"uv": [2, 7, 0, 6], "texture": "#0"},
				"down": {"uv": [8, 0, 6, 1], "texture": "#0"}
			}
		},
		{
			"name": "head",
			"from": [7, 4.25, 7.5],
			"to": [9, 10.25, 8.5],
			"rotation": {"angle": -22.5, "axis": "z", "origin": [16, 0, 0]},
			"faces": {
				"north": {"uv": [2, 0, 0, 6], "texture": "#0"},
				"east": {"uv": [6, 0, 5, 6], "texture": "#0"},
				"south": {"uv": [4, 0, 2, 6], "texture": "#0"},
				"west": {"uv": [5, 0, 4, 6], "texture": "#0"},
				"up": {"uv": [0, 7, 2, 6], "texture": "#0"},
				"down": {"uv": [6, 0, 8, 1], "texture": "#0"}
			}
		}
	],
	"display": {
		"head": {
			"rotation": [6, 0, 0],
			"translation": [0, 7.25, 0],
			"scale": [1.6, 1.6, 1.6]
		}
	}
}