{
	"credit": "Made with Blockbench",
	"textures": {
		"0": "mchub:hats/glasses-black",
		"particle": "mchub:hats/glasses-black"
	},
	"elements": [
		{
			"name": "head",
			"from": [12, 4.5, 4],
			"to": [13, 5.5, 10],
			"faces": {
				"north": {"uv": [4, 14, 5, 15], "texture": "#0"},
				"east": {"uv": [0, 8, 6, 9], "texture": "#0"},
				"south": {"uv": [14, 5, 15, 6], "texture": "#0"},
				"west": {"uv": [8, 0, 14, 1], "texture": "#0"},
				"up": {"uv": [7, 14, 6, 8], "texture": "#0"},
				"down": {"uv": [8, 8, 7, 14], "texture": "#0"}
			}
		},
		{
			"name": "head",
			"from": [12, 3.5, 9],
			"to": [13, 4.5, 11],
			"faces": {
				"north": {"uv": [6, 14, 7, 15], "texture": "#0"},
				"east": {"uv": [1, 11, 3, 12], "texture": "#0"},
				"south": {"uv": [14, 6, 15, 7], "texture": "#0"},
				"west": {"uv": [3, 11, 5, 12], "texture": "#0"},
				"up": {"uv": [6, 11, 5, 9], "texture": "#0"},
				"down": {"uv": [6, 11, 5, 13], "texture": "#0"}
			}
		},
		{
			"name": "head",
			"from": [12, 3.5, 4],
			"to": [13, 4.5, 6],
			"faces": {
				"north": {"uv": [7, 14, 8, 15], "texture": "#0"},
				"east": {"uv": [11, 3, 13, 4], "texture": "#0"},
				"south": {"uv": [14, 7, 15, 8], "texture": "#0"},
				"west": {"uv": [9, 11, 11, 12], "texture": "#0"},
				"up": {"uv": [12, 13, 11, 11], "texture": "#0"},
				"down": {"uv": [2, 12, 1, 14], "texture": "#0"}
			}
		},
		{
			"name": "head",
			"from": [3, 3.5, 4],
			"to": [4, 4.5, 6],
			"faces": {
				"north": {"uv": [8, 14, 9, 15], "texture": "#0"},
				"east": {"uv": [2, 12, 4, 13], "texture": "#0"},
				"south": {"uv": [14, 8, 15, 9], "texture": "#0"},
				"west": {"uv": [12, 8, 14, 9], "texture": "#0"},
				"up": {"uv": [5, 14, 4, 12], "texture": "#0"},
				"down": {"uv": [10, 12, 9, 14], "texture": "#0"}
			}
		},
		{
			"name": "head",
			"from": [3, 4.5, 4],
			"to": [4, 5.5, 10],
			"faces": {
				"north": {"uv": [9, 14, 10, 15], "texture": "#0"},
				"east": {"uv": [8, 1, 14, 2], "texture": "#0"},
				"south": {"uv": [14, 9, 15, 10], "texture": "#0"},
				"west": {"uv": [8, 2, 14, 3], "texture": "#0"},
				"up": {"uv": [9, 14, 8, 8], "texture": "#0"},
				"down": {"uv": [1, 9, 0, 15], "texture": "#0"}
			}
		},
		{
			"name": "head",
			"from": [3, 3.5, 9],
			"to": [4, 4.5, 11],
			"faces": {
				"north": {"uv": [10, 14, 11, 15], "texture": "#0"},
				"east": {"uv": [12, 9, 14, 10], "texture": "#0"},
				"south": {"uv": [14, 10, 15, 11], "texture": "#0"},
				"west": {"uv": [12, 10, 14, 11], "texture": "#0"},
				"up": {"uv": [11, 14, 10, 12], "texture": "#0"},
				"down": {"uv": [13, 11, 12, 13], "texture": "#0"}
			}
		},
		{
			"name": "head",
			"from": [3, 4.5, 3],
			"to": [13, 5.5, 4],
			"faces": {
				"north": {"uv": [0, 4, 10, 5], "texture": "#0"},
				"east": {"uv": [14, 11, 15, 12], "texture": "#0"},
				"south": {"uv": [0, 5, 10, 6], "texture": "#0"},
				"west": {"uv": [14, 12, 15, 13], "texture": "#0"},
				"up": {"uv": [10, 7, 0, 6], "texture": "#0"},
				"down": {"uv": [10, 7, 0, 8], "texture": "#0"}
			}
		},
		{
			"name": "head",
			"from": [7, 2.5, 3],
			"to": [9, 4.5, 4],
			"faces": {
				"north": {"uv": [1, 9, 3, 11], "texture": "#0"},
				"east": {"uv": [2, 13, 3, 15], "texture": "#0"},
				"south": {"uv": [3, 9, 5, 11], "texture": "#0"},
				"west": {"uv": [3, 13, 4, 15], "texture": "#0"},
				"up": {"uv": [15, 4, 13, 3], "texture": "#0"},
				"down": {"uv": [15, 4, 13, 5], "texture": "#0"}
			}
		},
		{
			"name": "head",
			"from": [12, 2.5, 3],
			"to": [13, 4.5, 4],
			"faces": {
				"north": {"uv": [5, 13, 6, 15], "texture": "#0"},
				"east": {"uv": [13, 5, 14, 7], "texture": "#0"},
				"south": {"uv": [11, 13, 12, 15], "texture": "#0"},
				"west": {"uv": [13, 11, 14, 13], "texture": "#0"},
				"up": {"uv": [15, 14, 14, 13], "texture": "#0"},
				"down": {"uv": [15, 14, 14, 15], "texture": "#0"}
			}
		},
		{
			"name": "head",
			"from": [3, 2.5, 3],
			"to": [4, 4.5, 4],
			"faces": {
				"north": {"uv": [12, 13, 13, 15], "texture": "#0"},
				"east": {"uv": [13, 13, 14, 15], "texture": "#0"},
				"south": {"uv": [14, 0, 15, 2], "texture": "#0"},
				"west": {"uv": [1, 14, 2, 16], "texture": "#0"},
				"up": {"uv": [1, 16, 0, 15], "texture": "#0"},
				"down": {"uv": [16, 0, 15, 1], "texture": "#0"}
			}
		},
		{
			"name": "head",
			"from": [4, 2.5, 3.5],
			"to": [12, 4.5, 3.5],
			"faces": {
				"north": {"uv": [0, 0, 8, 2], "texture": "#0"},
				"east": {"uv": [0, 0, 0, 2], "texture": "#0"},
				"south": {"uv": [0, 2, 8, 4], "texture": "#0"},
				"west": {"uv": [0, 0, 0, 2], "texture": "#0"},
				"up": {"uv": [8, 0, 0, 0], "texture": "#0"},
				"down": {"uv": [8, 0, 0, 0], "texture": "#0"}
			}
		},
		{
			"name": "head",
			"from": [4, 1.5, 3],
			"to": [7, 2.5, 4],
			"faces": {
				"north": {"uv": [10, 5, 13, 6], "texture": "#0"},
				"east": {"uv": [15, 1, 16, 2], "texture": "#0"},
				"south": {"uv": [10, 6, 13, 7], "texture": "#0"},
				"west": {"uv": [2, 15, 3, 16], "texture": "#0"},
				"up": {"uv": [13, 8, 10, 7], "texture": "#0"},
				"down": {"uv": [12, 10, 9, 11], "texture": "#0"}
			}
		},
		{
			"name": "head",
			"from": [9, 1.5, 3],
			"to": [12, 2.5, 4],
			"faces": {
				"north": {"uv": [8, 3, 11, 4], "texture": "#0"},
				"east": {"uv": [13, 7, 14, 8], "texture": "#0"},
				"south": {"uv": [9, 8, 12, 9], "texture": "#0"},
				"west": {"uv": [14, 2, 15, 3], "texture": "#0"},
				"up": {"uv": [12, 10, 9, 9], "texture": "#0"},
				"down": {"uv": [13, 4, 10, 5], "texture": "#0"}
			}
		}
	],
	"display": {
		"head": {
			"translation": [0, 7.25, 0],
			"scale": [1.6, 1.6, 1.6]
		}
	}
}