{
	"credit": "Made with Blockbench",
	"texture_size": [64, 64],
	"textures": {
		"0": "mchub:hats/witch",
		"particle": "mchub:hats/witch"
	},
	"elements": [
		{
			"name": "head",
			"from": [4, 8.5, 4],
			"to": [12, 11.5, 12],
			"faces": {
				"north": {"uv": [1.5, 6, 3.5, 6.75], "texture": "#0"},
				"east": {"uv": [6, 1.5, 8, 2.25], "texture": "#0"},
				"south": {"uv": [6, 2.25, 8, 3], "texture": "#0"},
				"west": {"uv": [1.5, 6.75, 3.5, 7.5], "texture": "#0"},
				"up": {"uv": [7, 5.5, 5, 3.5], "texture": "#0"},
				"down": {"uv": [7, 5.5, 5, 7.5], "texture": "#0"}
			}
		},
		{
			"name": "head",
			"from": [3, 8.5, 3],
			"to": [13, 9.5, 13],
			"faces": {
				"north": {"uv": [7.5, 7.5, 10, 7.75], "texture": "#0"},
				"east": {"uv": [7.5, 7.75, 10, 8], "texture": "#0"},
				"south": {"uv": [8, 1.5, 10.5, 1.75], "texture": "#0"},
				"west": {"uv": [8, 1.75, 10.5, 2], "texture": "#0"},
				"up": {"uv": [2.5, 6, 0, 3.5], "texture": "#0"},
				"down": {"uv": [5, 3.5, 2.5, 6], "texture": "#0"}
			}
		},
		{
			"name": "head",
			"from": [5, 9.5, 4],
			"to": [11, 13.5, 10],
			"rotation": {"angle": 22.5, "axis": "x", "origin": [8, 8, 8]},
			"faces": {
				"north": {"uv": [3.5, 6, 5, 7], "texture": "#0"},
				"east": {"uv": [7, 3, 8.5, 4], "texture": "#0"},
				"south": {"uv": [3.5, 7, 5, 8], "texture": "#0"},
				"west": {"uv": [7, 4, 8.5, 5], "texture": "#0"},
				"up": {"uv": [1.5, 7.5, 0, 6], "texture": "#0"},
				"down": {"uv": [7.5, 0, 6, 1.5], "texture": "#0"}
			}
		},
		{
			"name": "head",
			"from": [6, 11.5, 3.25],
			"to": [10, 15.5, 7.25],
			"rotation": {"angle": 45, "axis": "x", "origin": [8, 8, 8]},
			"faces": {
				"north": {"uv": [7.5, 0, 8.5, 1], "texture": "#0"},
				"east": {"uv": [1.5, 7.5, 2.5, 8.5], "texture": "#0"},
				"south": {"uv": [2.5, 7.5, 3.5, 8.5], "texture": "#0"},
				"west": {"uv": [5, 7.5, 6, 8.5], "texture": "#0"},
				"up": {"uv": [8.5, 6, 7.5, 5], "texture": "#0"},
				"down": {"uv": [7, 7.5, 6, 8.5], "texture": "#0"}
			}
		},
		{
			"name": "head",
			"from": [7, 11.1535, 12.33319],
			"to": [9, 13.1535, 16.33319],
			"rotation": {"angle": -22.5, "axis": "x", "origin": [8, 9.4035, 4.83319]},
			"faces": {
				"north": {"uv": [8.5, 0, 9, 0.5], "texture": "#0"},
				"east": {"uv": [6, 3, 7, 3.5], "texture": "#0"},
				"south": {"uv": [8.5, 0.5, 9, 1], "texture": "#0"},
				"west": {"uv": [7, 8, 8, 8.5], "texture": "#0"},
				"up": {"uv": [5, 9, 4.5, 8], "texture": "#0"},
				"down": {"uv": [8.5, 8, 8, 9], "texture": "#0"}
			}
		},
		{
			"name": "head",
			"from": [2, 7.5, 1],
			"to": [14, 8.5, 15],
			"faces": {
				"north": {"uv": [7.5, 6, 10.5, 6.25], "texture": "#0"},
				"east": {"uv": [7.5, 1, 11, 1.25], "texture": "#0"},
				"south": {"uv": [7.5, 6.25, 10.5, 6.5], "texture": "#0"},
				"west": {"uv": [7.5, 1.25, 11, 1.5], "texture": "#0"},
				"up": {"uv": [3, 3.5, 0, 0], "texture": "#0"},
				"down": {"uv": [6, 0, 3, 3.5], "texture": "#0"}
			}
		},
		{
			"name": "head",
			"from": [-2.71788, 8.83627, 2],
			"to": [-0.71788, 9.83627, 14],
			"rotation": {"angle": -22.5, "axis": "z", "origin": [-2.71788, 1.33627, 0]},
			"faces": {
				"north": {"uv": [1.5, 8.5, 2, 8.75], "texture": "#0"},
				"east": {"uv": [7.5, 6.5, 10.5, 6.75], "texture": "#0"},
				"south": {"uv": [2, 8.5, 2.5, 8.75], "texture": "#0"},
				"west": {"uv": [7.5, 6.75, 10.5, 7], "texture": "#0"},
				"up": {"uv": [7.5, 8, 7, 5], "texture": "#0"},
				"down": {"uv": [0.5, 7.5, 0, 10.5], "texture": "#0"}
			}
		},
		{
			"name": "head",
			"from": [16.71788, 8.83627, 2],
			"to": [18.71788, 9.83627, 14],
			"rotation": {"angle": 22.5, "axis": "z", "origin": [18.71788, 1.33627, 0]},
			"faces": {
				"north": {"uv": [2.5, 8.5, 3, 8.75], "texture": "#0"},
				"east": {"uv": [7.5, 7, 10.5, 7.25], "texture": "#0"},
				"south": {"uv": [3, 8.5, 3.5, 8.75], "texture": "#0"},
				"west": {"uv": [7.5, 7.25, 10.5, 7.5], "texture": "#0"},
				"up": {"uv": [1, 10.5, 0.5, 7.5], "texture": "#0"},
				"down": {"uv": [1.5, 7.5, 1, 10.5], "texture": "#0"}
			}
		},
		{
			"name": "head",
			"from": [21.15106, 10.46207, 3],
			"to": [22.15106, 11.46207, 13],
			"rotation": {"angle": 45, "axis": "z", "origin": [21.15106, 2.96207, 0]},
			"faces": {
				"north": {"uv": [8.5, 3, 8.75, 3.25], "texture": "#0"},
				"east": {"uv": [8, 2, 10.5, 2.25], "texture": "#0"},
				"south": {"uv": [8.5, 3.25, 8.75, 3.5], "texture": "#0"},
				"west": {"uv": [8, 2.25, 10.5, 2.5], "texture": "#0"},
				"up": {"uv": [3.75, 10.5, 3.5, 8], "texture": "#0"},
				"down": {"uv": [4, 8, 3.75, 10.5], "texture": "#0"}
			}
		},
		{
			"name": "head",
			"from": [-6.15106, 10.46207, 3],
			"to": [-5.15106, 11.46207, 13],
			"rotation": {"angle": -45, "axis": "z", "origin": [-5.15106, 2.96207, 0]},
			"faces": {
				"north": {"uv": [8.5, 3.5, 8.75, 3.75], "texture": "#0"},
				"east": {"uv": [8, 2.5, 10.5, 2.75], "texture": "#0"},
				"south": {"uv": [8.5, 3.75, 8.75, 4], "texture": "#0"},
				"west": {"uv": [8, 2.75, 10.5, 3], "texture": "#0"},
				"up": {"uv": [4.25, 10.5, 4, 8], "texture": "#0"},
				"down": {"uv": [4.5, 8, 4.25, 10.5], "texture": "#0"}
			}
		}
	],
	"display": {
		"head": {
			"rotation": [7, 0, 0],
			"translation": [0, 3, 0],
			"scale": [1.8, 1.8, 1.8]
		}
	},
	"groups": [
		{
			"name": "steve",
			"origin": [8, 8, 8],
			"color": 0,
			"children": [0, 1, 2, 3, 4, 5, 6, 7, 8, 9]
		}
	]
}