{
  "textures": {
    "0": "item/omnitool/tile110"
  },
  "elements": [
    {
      "from": [8, 1, 7],
      "to": [9, 6, 8],
      "faces": {
        "north": {"uv": [0, 0, 0.5, 2.5], "texture": "#0"},
        "east": {"uv": [0.5, 0, 1, 2.5], "texture": "#0"},
        "south": {"uv": [1, 0, 1.5, 2.5], "texture": "#0"},
        "west": {"uv": [1.5, 0, 2, 2.5], "texture": "#0"},
        "up": {"uv": [3.5, 2.5, 3, 2], "texture": "#0"},
        "down": {"uv": [4, 2, 3.5, 2.5], "texture": "#0"}
      }
    },
    {
      "from": [9, 1, 7.2],
      "to": [9.3, 2.6, 7.8],
      "rotation": {"angle": 0, "axis": "y", "origin": [1, 0, 0]},
      "faces": {
        "north": {"uv": [2, 7, 2.125, 7.75], "texture": "#0"},
        "east": {"uv": [3, 6, 3.25, 6.75], "texture": "#0"},
        "south": {"uv": [7, 2, 7.125, 2.75], "texture": "#0"},
        "west": {"uv": [4, 6, 4.25, 6.75], "texture": "#0"},
        "up": {"uv": [0.625, 8.25, 0.5, 8], "texture": "#0"},
        "down": {"uv": [8.125, 0.5, 8, 0.75], "texture": "#0"}
      }
    },
    {
      "from": [9, 4.4, 7.2],
      "to": [9.3, 6, 7.8],
      "rotation": {"angle": 0, "axis": "y", "origin": [1, 3.4, 0]},
      "faces": {
        "north": {"uv": [2.5, 7, 2.625, 7.75], "texture": "#0"},
        "east": {"uv": [6, 4, 6.25, 4.75], "texture": "#0"},
        "south": {"uv": [3, 7, 3.125, 7.75], "texture": "#0"},
        "west": {"uv": [4.5, 6, 4.75, 6.75], "texture": "#0"},
        "up": {"uv": [1.125, 8.25, 1, 8], "texture": "#0"},
        "down": {"uv": [8.125, 1, 8, 1.25], "texture": "#0"}
      }
    },
    {
      "from": [8.6, 6, 7.2],
      "to": [8.9, 7.6, 7.8],
      "rotation": {"angle": 0, "axis": "y", "origin": [0.6, 5, 0]},
      "faces": {
        "north": {"uv": [7, 3, 7.125, 3.75], "texture": "#0"},
        "east": {"uv": [6, 5, 6.25, 5.75], "texture": "#0"},
        "south": {"uv": [3.5, 7, 3.625, 7.75], "texture": "#0"},
        "west": {"uv": [5.5, 6, 5.75, 6.75], "texture": "#0"},
        "up": {"uv": [8.125, 1.75, 8, 1.5], "texture": "#0"},
        "down": {"uv": [2.125, 8, 2, 8.25], "texture": "#0"}
      }
    },
    {
      "from": [8.5, 0, 7],
      "to": [9.5, 1, 8],
      "faces": {
        "north": {"uv": [4.5, 3.5, 5, 4], "texture": "#0"},
        "east": {"uv": [5, 3.5, 5.5, 4], "texture": "#0"},
        "south": {"uv": [4, 5, 4.5, 5.5], "texture": "#0"},
        "west": {"uv": [5, 4, 5.5, 4.5], "texture": "#0"},
        "up": {"uv": [5, 5.5, 4.5, 5], "texture": "#0"},
        "down": {"uv": [5.5, 4.5, 5, 5], "texture": "#0"}
      }
    },
    {
      "from": [8.9, 6, 7],
      "to": [9.9, 11, 8],
      "faces": {
        "north": {"uv": [2, 0, 2.5, 2.5], "texture": "#0"},
        "east": {"uv": [0, 2.5, 0.5, 5], "texture": "#0"},
        "south": {"uv": [2.5, 0, 3, 2.5], "texture": "#0"},
        "west": {"uv": [0.5, 2.5, 1, 5], "texture": "#0"},
        "up": {"uv": [5.5, 5.5, 5, 5], "texture": "#0"},
        "down": {"uv": [6, 0, 5.5, 0.5], "texture": "#0"}
      }
    },
    {
      "from": [9.5, 11, 7],
      "to": [10.5, 13, 8],
      "faces": {
        "north": {"uv": [3, 3.5, 3.5, 4.5], "texture": "#0"},
        "east": {"uv": [3.5, 3.5, 4, 4.5], "texture": "#0"},
        "south": {"uv": [4, 2, 4.5, 3], "texture": "#0"},
        "west": {"uv": [4, 3, 4.5, 4], "texture": "#0"},
        "up": {"uv": [6, 1, 5.5, 0.5], "texture": "#0"},
        "down": {"uv": [1.5, 5.5, 1, 6], "texture": "#0"}
      }
    },
    {
      "from": [6, 10.8, 7.2],
      "to": [9, 12.4, 7.8],
      "faces": {
        "north": {"uv": [1, 2.5, 2.5, 3.25], "texture": "#0"},
        "east": {"uv": [6, 6, 6.25, 6.75], "texture": "#0"},
        "south": {"uv": [2.5, 2.5, 4, 3.25], "texture": "#0"},
        "west": {"uv": [6.5, 0, 6.75, 0.75], "texture": "#0"},
        "up": {"uv": [3.5, 4.75, 2, 4.5], "texture": "#0"},
        "down": {"uv": [6, 2, 4.5, 2.25], "texture": "#0"}
      }
    },
    {
      "from": [4.7, 10.55, 7.3],
      "to": [6, 12.15, 7.7],
      "faces": {
        "north": {"uv": [4, 4, 4.625, 4.75], "texture": "#0"},
        "east": {"uv": [6.5, 1, 6.75, 1.75], "texture": "#0"},
        "south": {"uv": [4.5, 0, 5.125, 0.75], "texture": "#0"},
        "west": {"uv": [1.5, 6.5, 1.75, 7.25], "texture": "#0"},
        "up": {"uv": [7.125, 5.25, 6.5, 5], "texture": "#0"},
        "down": {"uv": [7.125, 5.5, 6.5, 5.75], "texture": "#0"}
      }
    },
    {
      "from": [4, 10.15, 7.3],
      "to": [4.7, 11.85, 7.7],
      "faces": {
        "north": {"uv": [0, 5, 0.375, 5.875], "texture": "#0"},
        "east": {"uv": [5, 5.5, 5.25, 6.375], "texture": "#0"},
        "south": {"uv": [0.5, 5, 0.875, 5.875], "texture": "#0"},
        "west": {"uv": [5.5, 5, 5.75, 5.875], "texture": "#0"},
        "up": {"uv": [4.375, 7.25, 4, 7], "texture": "#0"},
        "down": {"uv": [4.875, 7, 4.5, 7.25], "texture": "#0"}
      }
    },
    {
      "from": [3.3, 9.55, 7.3],
      "to": [4, 11.45, 7.7],
      "faces": {
        "north": {"uv": [4.5, 2.5, 4.875, 3.5], "texture": "#0"},
        "east": {"uv": [5.5, 1, 5.75, 2], "texture": "#0"},
        "south": {"uv": [3.5, 4.5, 3.875, 5.5], "texture": "#0"},
        "west": {"uv": [1.5, 5.5, 1.75, 6.5], "texture": "#0"},
        "up": {"uv": [5.375, 7.25, 5, 7], "texture": "#0"},
        "down": {"uv": [5.875, 7, 5.5, 7.25], "texture": "#0"}
      }
    },
    {
      "from": [2.8, 8.95, 7.3],
      "to": [3.3, 10.75, 7.7],
      "faces": {
        "north": {"uv": [0, 6, 0.25, 6.875], "texture": "#0"},
        "east": {"uv": [6, 0, 6.25, 0.875], "texture": "#0"},
        "south": {"uv": [0.5, 6, 0.75, 6.875], "texture": "#0"},
        "west": {"uv": [1, 6, 1.25, 6.875], "texture": "#0"},
        "up": {"uv": [5.75, 7.75, 5.5, 7.5], "texture": "#0"},
        "down": {"uv": [6.75, 7.5, 6.5, 7.75], "texture": "#0"}
      }
    },
    {
      "from": [2.5, 8.25, 7.3],
      "to": [2.8, 10.05, 7.7],
      "faces": {
        "north": {"uv": [6.5, 6.5, 6.625, 7.375], "texture": "#0"},
        "east": {"uv": [6, 1, 6.25, 1.875], "texture": "#0"},
        "south": {"uv": [0, 7, 0.125, 7.875], "texture": "#0"},
        "west": {"uv": [2, 6, 2.25, 6.875], "texture": "#0"},
        "up": {"uv": [8.125, 2.25, 8, 2], "texture": "#0"},
        "down": {"uv": [2.625, 8, 2.5, 8.25], "texture": "#0"}
      }
    },
    {
      "from": [2.35, 7.7, 7.3],
      "to": [2.5, 9.5, 7.7],
      "faces": {
        "north": {"uv": [7, 0, 7.125, 0.875], "texture": "#0"},
        "east": {"uv": [6, 2, 6.25, 2.875], "texture": "#0"},
        "south": {"uv": [0.5, 7, 0.625, 7.875], "texture": "#0"},
        "west": {"uv": [2.5, 6, 2.75, 6.875], "texture": "#0"},
        "up": {"uv": [8.125, 2.75, 8, 2.5], "texture": "#0"},
        "down": {"uv": [3.125, 8, 3, 8.25], "texture": "#0"}
      }
    },
    {
      "from": [6, 10, 7.4],
      "to": [8.7, 11.4, 7.6],
      "faces": {
        "north": {"uv": [3, 0, 4.375, 0.75], "texture": "#0"},
        "east": {"uv": [6, 7, 6.125, 7.75], "texture": "#0"},
        "south": {"uv": [3, 1, 4.375, 1.75], "texture": "#0"},
        "west": {"uv": [7, 6, 7.125, 6.75], "texture": "#0"},
        "up": {"uv": [7.875, 4.125, 6.5, 4], "texture": "#0"},
        "down": {"uv": [7.875, 4.5, 6.5, 4.625], "texture": "#0"}
      }
    },
    {
      "from": [4.7, 9.75, 7.4],
      "to": [6, 11.15, 7.6],
      "faces": {
        "north": {"uv": [1, 4.5, 1.625, 5.25], "texture": "#0"},
        "east": {"uv": [7, 7, 7.125, 7.75], "texture": "#0"},
        "south": {"uv": [4.5, 1, 5.125, 1.75], "texture": "#0"},
        "west": {"uv": [7.5, 0, 7.625, 0.75], "texture": "#0"},
        "up": {"uv": [8.125, 6.125, 7.5, 6], "texture": "#0"},
        "down": {"uv": [8.125, 6.5, 7.5, 6.625], "texture": "#0"}
      }
    },
    {
      "from": [4, 9.35, 7.4],
      "to": [4.7, 10.85, 7.6],
      "faces": {
        "north": {"uv": [5, 2.5, 5.375, 3.25], "texture": "#0"},
        "east": {"uv": [7.5, 1, 7.625, 1.75], "texture": "#0"},
        "south": {"uv": [3, 5, 3.375, 5.75], "texture": "#0"},
        "west": {"uv": [1.5, 7.5, 1.625, 8.25], "texture": "#0"},
        "up": {"uv": [7.875, 7.125, 7.5, 7], "texture": "#0"},
        "down": {"uv": [7.875, 7.5, 7.5, 7.625], "texture": "#0"}
      }
    },
    {
      "from": [3.3, 8.75, 7.4],
      "to": [4, 10.45, 7.6],
      "faces": {
        "north": {"uv": [2, 5, 2.375, 5.875], "texture": "#0"},
        "east": {"uv": [1, 7, 1.125, 7.875], "texture": "#0"},
        "south": {"uv": [2.5, 5, 2.875, 5.875], "texture": "#0"},
        "west": {"uv": [7, 1, 7.125, 1.875], "texture": "#0"},
        "up": {"uv": [0.375, 8.125, 0, 8], "texture": "#0"},
        "down": {"uv": [8.375, 0, 8, 0.125], "texture": "#0"}
      }
    },
    {
      "from": [2.8, 8.15, 7.4],
      "to": [3.3, 9.75, 7.6],
      "faces": {
        "north": {"uv": [6.5, 2, 6.75, 2.75], "texture": "#0"},
        "east": {"uv": [7.5, 2, 7.625, 2.75], "texture": "#0"},
        "south": {"uv": [6.5, 3, 6.75, 3.75], "texture": "#0"},
        "west": {"uv": [7.5, 3, 7.625, 3.75], "texture": "#0"},
        "up": {"uv": [8.25, 3.125, 8, 3], "texture": "#0"},
        "down": {"uv": [3.75, 8, 3.5, 8.125], "texture": "#0"}
      }
    },
    {
      "from": [2.5, 7.45, 7.4],
      "to": [2.8, 9.05, 7.6],
      "faces": {
        "north": {"uv": [4, 7.5, 4.125, 8.25], "texture": "#0"},
        "east": {"uv": [4.5, 7.5, 4.625, 8.25], "texture": "#0"},
        "south": {"uv": [5, 7.5, 5.125, 8.25], "texture": "#0"},
        "west": {"uv": [7.5, 5, 7.625, 5.75], "texture": "#0"},
        "up": {"uv": [8.125, 3.625, 8, 3.5], "texture": "#0"},
        "down": {"uv": [8.125, 4, 8, 4.125], "texture": "#0"}
      }
    },
    {
      "from": [9, 9.9, 7.2],
      "to": [11, 12, 7.8],
      "faces": {
        "north": {"uv": [1, 3.5, 2, 4.5], "texture": "#0"},
        "east": {"uv": [5.5, 2.5, 5.75, 3.5], "texture": "#0"},
        "south": {"uv": [2, 3.5, 3, 4.5], "texture": "#0"},
        "west": {"uv": [3.5, 5.5, 3.75, 6.5], "texture": "#0"},
        "up": {"uv": [6.5, 3.75, 5.5, 3.5], "texture": "#0"},
        "down": {"uv": [5, 5.5, 4, 5.75], "texture": "#0"}
      }
    },
    {
      "from": [11, 10.6, 7.3],
      "to": [12.1, 11.7, 7.7],
      "faces": {
        "north": {"uv": [5.5, 4, 6, 4.5], "texture": "#0"},
        "east": {"uv": [6, 3, 6.25, 3.5], "texture": "#0"},
        "south": {"uv": [5.5, 4.5, 6, 5], "texture": "#0"},
        "west": {"uv": [3.5, 6.5, 3.75, 7], "texture": "#0"},
        "up": {"uv": [5.5, 6.75, 5, 6.5], "texture": "#0"},
        "down": {"uv": [7, 6, 6.5, 6.25], "texture": "#0"}
      }
    }
  ],
  "display": {
    "thirdperson_righthand": {
      "rotation": [0, -90, 0],
      "translation": [-0.5, 5, -0.75],
      "scale": [2, 2, 2]
    },
    "thirdperson_lefthand": {
      "rotation": [0, 91, 0],
      "translation": [-0.5, 5, -0.75],
      "scale": [2, 2, 2]
    },
    "firstperson_righthand": {
      "rotation": [30, -83, 13],
      "translation": [0, 6, 0],
      "scale": [1.5, 1.5, 1.5]
    },
    "firstperson_lefthand": {
      "rotation": [30, 90, -11],
      "translation": [0, 6, 0],
      "scale": [1.5, 1.5, 1.5]
    },
    "ground": {
      "rotation": [90, 0, 0],
      "translation": [0, -2.75, 0]
    },
    "gui": {
      "rotation": [0, 0, -43],
      "translation": [0.25, 0.5, 0],
      "scale": [1.2, 1.2, 1.2]
    },
    "head": {
      "rotation": [0, -90, 0],
      "translation": [-1, 3.75, -2.25],
      "scale": [2, 2, 2]
    }
  },
  "groups": [
    {
      "name": "group",
      "origin": [0, 0, 0],
      "color": 0,
      "children": [0, 1, 2, 3, 4, 5, 6, 7, 8, 9, 10, 11, 12, 13, 14, 15, 16, 17, 18, 19, 20, 21]
    }
  ]
}