{
	"credit": "Made with Blockbench",
	"textures": {
		"0": "mchub:hats/cat-ears",
		"particle": "mchub:hats/cat-ears"
	},
	"elements": [
		{
			"name": "head",
			"from": [3, 5.5, 7],
			"to": [4, 6.5, 8.5],
			"faces": {
				"north": {"uv": [9, 0, 10, 1], "texture": "#0"},
				"east": {"uv": [6, 2, 8, 3], "texture": "#0"},
				"south": {"uv": [1, 9, 2, 10], "texture": "#0"},
				"west": {"uv": [6, 3, 8, 4], "texture": "#0"},
				"up": {"uv": [7, 6, 6, 4], "texture": "#0"},
				"down": {"uv": [7, 6, 6, 8], "texture": "#0"}
			}
		},
		{
			"name": "head",
			"from": [4, 5.5, 7],
			"to": [5, 6.5, 8.5],
			"faces": {
				"north": {"uv": [9, 0, 10, 1], "texture": "#0"},
				"east": {"uv": [6, 2, 8, 3], "texture": "#0"},
				"south": {"uv": [1, 9, 2, 10], "texture": "#0"},
				"west": {"uv": [6, 3, 8, 4], "texture": "#0"},
				"up": {"uv": [7, 6, 6, 4], "texture": "#0"},
				"down": {"uv": [7, 6, 6, 8], "texture": "#0"}
			}
		},
		{
			"name": "head",
			"from": [3, 6.5, 7.5],
			"to": [4, 9.5, 8.5],
			"faces": {
				"north": {"uv": [5, 2, 6, 5], "texture": "#0"},
				"east": {"uv": [3, 5, 4, 8], "texture": "#0"},
				"south": {"uv": [4, 5, 5, 8], "texture": "#0"},
				"west": {"uv": [5, 5, 6, 8], "texture": "#0"},
				"up": {"uv": [10, 2, 9, 1], "texture": "#0"},
				"down": {"uv": [3, 9, 2, 10], "texture": "#0"}
			}
		},
		{
			"name": "head",
			"from": [4, 7.5, 7.5],
			"to": [5, 8.5, 8.5],
			"faces": {
				"north": {"uv": [3, 9, 4, 10], "texture": "#0"},
				"east": {"uv": [9, 3, 10, 4], "texture": "#0"},
				"south": {"uv": [4, 9, 5, 10], "texture": "#0"},
				"west": {"uv": [9, 4, 10, 5], "texture": "#0"},
				"up": {"uv": [7, 10, 6, 9], "texture": "#0"},
				"down": {"uv": [10, 6, 9, 7], "texture": "#0"}
			}
		},
		{
			"name": "head",
			"from": [4, 6.5, 7.5],
			"to": [5, 7.5, 8.5],
			"faces": {
				"north": {"uv": [3, 9, 4, 10], "texture": "#0"},
				"east": {"uv": [9, 3, 10, 4], "texture": "#0"},
				"south": {"uv": [4, 9, 5, 10], "texture": "#0"},
				"west": {"uv": [9, 4, 10, 5], "texture": "#0"},
				"up": {"uv": [7, 10, 6, 9], "texture": "#0"},
				"down": {"uv": [10, 6, 9, 7], "texture": "#0"}
			}
		},
		{
			"name": "head",
			"from": [11, 6.5, 7.5],
			"to": [12, 7.5, 8.5],
			"faces": {
				"north": {"uv": [3, 9, 4, 10], "texture": "#0"},
				"east": {"uv": [9, 3, 10, 4], "texture": "#0"},
				"south": {"uv": [4, 9, 5, 10], "texture": "#0"},
				"west": {"uv": [9, 4, 10, 5], "texture": "#0"},
				"up": {"uv": [7, 10, 6, 9], "texture": "#0"},
				"down": {"uv": [10, 6, 9, 7], "texture": "#0"}
			}
		},
		{
			"name": "head",
			"from": [2, 6.5, 7],
			"to": [3, 11.5, 8.5],
			"faces": {
				"north": {"uv": [4, 0, 5, 5], "texture": "#0"},
				"east": {"uv": [0, 0, 2, 5], "texture": "#0"},
				"south": {"uv": [0, 5, 1, 10], "texture": "#0"},
				"west": {"uv": [2, 0, 4, 5], "texture": "#0"},
				"up": {"uv": [8, 2, 7, 0], "texture": "#0"},
				"down": {"uv": [2, 7, 1, 9], "texture": "#0"}
			}
		},
		{
			"name": "head",
			"from": [5, 6.5, 7],
			"to": [6, 8.5, 8.5],
			"faces": {
				"north": {"uv": [2, 7, 3, 9], "texture": "#0"},
				"east": {"uv": [5, 0, 7, 2], "texture": "#0"},
				"south": {"uv": [7, 4, 8, 6], "texture": "#0"},
				"west": {"uv": [1, 5, 3, 7], "texture": "#0"},
				"up": {"uv": [8, 8, 7, 6], "texture": "#0"},
				"down": {"uv": [9, 0, 8, 2], "texture": "#0"}
			}
		},
		{
			"name": "head",
			"from": [4, 8.5, 7],
			"to": [5, 9.5, 8.5],
			"faces": {
				"north": {"uv": [7, 9, 8, 10], "texture": "#0"},
				"east": {"uv": [8, 2, 10, 3], "texture": "#0"},
				"south": {"uv": [9, 7, 10, 8], "texture": "#0"},
				"west": {"uv": [3, 8, 5, 9], "texture": "#0"},
				"up": {"uv": [9, 5, 8, 3], "texture": "#0"},
				"down": {"uv": [6, 8, 5, 10], "texture": "#0"}
			}
		},
		{
			"name": "head",
			"from": [3, 9.5, 7],
			"to": [4, 10.5, 8.5],
			"faces": {
				"north": {"uv": [9, 8, 10, 9], "texture": "#0"},
				"east": {"uv": [8, 5, 10, 6], "texture": "#0"},
				"south": {"uv": [9, 9, 10, 10], "texture": "#0"},
				"west": {"uv": [6, 8, 8, 9], "texture": "#0"},
				"up": {"uv": [9, 8, 8, 6], "texture": "#0"},
				"down": {"uv": [9, 8, 8, 10], "texture": "#0"}
			}
		},
		{
			"name": "head",
			"from": [12, 5.5, 7],
			"to": [13, 6.5, 8.5],
			"rotation": {"angle": 0, "axis": "y", "origin": [16, 0, 0]},
			"faces": {
				"north": {"uv": [10, 0, 9, 1], "texture": "#0"},
				"east": {"uv": [8, 3, 6, 4], "texture": "#0"},
				"south": {"uv": [2, 9, 1, 10], "texture": "#0"},
				"west": {"uv": [8, 2, 6, 3], "texture": "#0"},
				"up": {"uv": [6, 6, 7, 4], "texture": "#0"},
				"down": {"uv": [6, 6, 7, 8], "texture": "#0"}
			}
		},
		{
			"name": "head",
			"from": [11, 5.5, 7],
			"to": [12, 6.5, 8.5],
			"rotation": {"angle": 0, "axis": "y", "origin": [16, 0, 0]},
			"faces": {
				"north": {"uv": [10, 0, 9, 1], "texture": "#0"},
				"east": {"uv": [8, 3, 6, 4], "texture": "#0"},
				"south": {"uv": [2, 9, 1, 10], "texture": "#0"},
				"west": {"uv": [8, 2, 6, 3], "texture": "#0"},
				"up": {"uv": [6, 6, 7, 4], "texture": "#0"},
				"down": {"uv": [6, 6, 7, 8], "texture": "#0"}
			}
		},
		{
			"name": "head",
			"from": [12, 6.5, 7.5],
			"to": [13, 9.5, 8.5],
			"rotation": {"angle": 0, "axis": "y", "origin": [16, 0, 0]},
			"faces": {
				"north": {"uv": [6, 2, 5, 5], "texture": "#0"},
				"east": {"uv": [6, 5, 5, 8], "texture": "#0"},
				"south": {"uv": [5, 5, 4, 8], "texture": "#0"},
				"west": {"uv": [4, 5, 3, 8], "texture": "#0"},
				"up": {"uv": [9, 2, 10, 1], "texture": "#0"},
				"down": {"uv": [2, 9, 3, 10], "texture": "#0"}
			}
		},
		{
			"name": "head",
			"from": [11, 7.5, 7.5],
			"to": [12, 8.5, 8.5],
			"rotation": {"angle": 0, "axis": "y", "origin": [16, 0, 0]},
			"faces": {
				"north": {"uv": [4, 9, 3, 10], "texture": "#0"},
				"east": {"uv": [10, 4, 9, 5], "texture": "#0"},
				"south": {"uv": [5, 9, 4, 10], "texture": "#0"},
				"west": {"uv": [10, 3, 9, 4], "texture": "#0"},
				"up": {"uv": [6, 10, 7, 9], "texture": "#0"},
				"down": {"uv": [9, 6, 10, 7], "texture": "#0"}
			}
		},
		{
			"name": "head",
			"from": [13, 6.5, 7],
			"to": [14, 11.5, 8.5],
			"rotation": {"angle": 0, "axis": "y", "origin": [16, 0, 0]},
			"faces": {
				"north": {"uv": [5, 0, 4, 5], "texture": "#0"},
				"east": {"uv": [4, 0, 2, 5], "texture": "#0"},
				"south": {"uv": [1, 5, 0, 10], "texture": "#0"},
				"west": {"uv": [2, 0, 0, 5], "texture": "#0"},
				"up": {"uv": [7, 2, 8, 0], "texture": "#0"},
				"down": {"uv": [1, 7, 2, 9], "texture": "#0"}
			}
		},
		{
			"name": "head",
			"from": [10, 6.5, 7],
			"to": [11, 8.5, 8.5],
			"rotation": {"angle": 0, "axis": "y", "origin": [16, 0, 0]},
			"faces": {
				"north": {"uv": [3, 7, 2, 9], "texture": "#0"},
				"east": {"uv": [3, 5, 1, 7], "texture": "#0"},
				"south": {"uv": [8, 4, 7, 6], "texture": "#0"},
				"west": {"uv": [7, 0, 5, 2], "texture": "#0"},
				"up": {"uv": [7, 8, 8, 6], "texture": "#0"},
				"down": {"uv": [8, 0, 9, 2], "texture": "#0"}
			}
		},
		{
			"name": "head",
			"from": [11, 8.5, 7],
			"to": [12, 9.5, 8.5],
			"rotation": {"angle": 0, "axis": "y", "origin": [16, 0, 0]},
			"faces": {
				"north": {"uv": [8, 9, 7, 10], "texture": "#0"},
				"east": {"uv": [5, 8, 3, 9], "texture": "#0"},
				"south": {"uv": [10, 7, 9, 8], "texture": "#0"},
				"west": {"uv": [10, 2, 8, 3], "texture": "#0"},
				"up": {"uv": [8, 5, 9, 3], "texture": "#0"},
				"down": {"uv": [5, 8, 6, 10], "texture": "#0"}
			}
		},
		{
			"name": "head",
			"from": [12, 9.5, 7],
			"to": [13, 10.5, 8.5],
			"rotation": {"angle": 0, "axis": "y", "origin": [16, 0, 0]},
			"faces": {
				"north": {"uv": [10, 8, 9, 9], "texture": "#0"},
				"east": {"uv": [8, 8, 6, 9], "texture": "#0"},
				"south": {"uv": [10, 9, 9, 10], "texture": "#0"},
				"west": {"uv": [10, 5, 8, 6], "texture": "#0"},
				"up": {"uv": [8, 8, 9, 6], "texture": "#0"},
				"down": {"uv": [8, 8, 9, 10], "texture": "#0"}
			}
		}
	],
	"display": {
		"head": {
			"translation": [0, 7.25, 0],
			"scale": [1.6, 1.6, 1.6]
		}
	},
	"groups": [
		{
			"name": "steve",
			"origin": [8, 8, 8],
			"color": 0,
			"children": [0, 1, 2, 3, 4, 5, 6, 7, 8, 9, 10, 11, 12, 13, 14, 15, 16, 17]
		}
	]
}