{
	"credit": "Made with Blockbench",
	"texture_size": [64, 64],
	"textures": {
		"0": "mchub:hats/miner-hardhat",
		"particle": "mchub:hats/miner-hardhat"
	},
	"elements": [
		{
			"name": "head",
			"from": [2, 0, 2],
			"to": [14, 1, 14],
			"faces": {
				"north": {"uv": [5.5, 4, 8.5, 4.25], "texture": "#0"},
				"east": {"uv": [5.5, 4.25, 8.5, 4.5], "texture": "#0"},
				"south": {"uv": [5.5, 4.5, 8.5, 4.75], "texture": "#0"},
				"west": {"uv": [5.5, 4.75, 8.5, 5], "texture": "#0"},
				"up": {"uv": [3, 3, 0, 0], "texture": "#0"},
				"down": {"uv": [3, 3, 0, 6], "texture": "#0"}
			}
		},
		{
			"name": "head",
			"from": [4, 1, 4],
			"to": [12, 5, 12],
			"faces": {
				"north": {"uv": [5.5, 0, 7.5, 1], "texture": "#0"},
				"east": {"uv": [5.5, 1, 7.5, 2], "texture": "#0"},
				"south": {"uv": [5.5, 2, 7.5, 3], "texture": "#0"},
				"west": {"uv": [5.5, 3, 7.5, 4], "texture": "#0"},
				"up": {"uv": [5, 7, 3, 5], "texture": "#0"},
				"down": {"uv": [7, 5, 5, 7], "texture": "#0"}
			}
		},
		{
			"name": "head",
			"from": [8.5, 1, 2.5],
			"to": [9.5, 4, 4],
			"faces": {
				"north": {"uv": [1, 7, 1.25, 7.75], "texture": "#0"},
				"east": {"uv": [2.5, 6, 3, 6.75], "texture": "#0"},
				"south": {"uv": [1.25, 7, 1.5, 7.75], "texture": "#0"},
				"west": {"uv": [2.5, 6.75, 3, 7.5], "texture": "#0"},
				"up": {"uv": [7.25, 5.75, 7, 5.25], "texture": "#0"},
				"down": {"uv": [6, 7, 5.75, 7.5], "texture": "#0"}
			}
		},
		{
			"name": "head",
			"from": [6.5, 1, 2.5],
			"to": [7.5, 4, 4],
			"faces": {
				"north": {"uv": [1.5, 7, 1.75, 7.75], "texture": "#0"},
				"east": {"uv": [0, 7, 0.5, 7.75], "texture": "#0"},
				"south": {"uv": [1.75, 7, 2, 7.75], "texture": "#0"},
				"west": {"uv": [0.5, 7, 1, 7.75], "texture": "#0"},
				"up": {"uv": [7.25, 6.25, 7, 5.75], "texture": "#0"},
				"down": {"uv": [6.25, 7, 6, 7.5], "texture": "#0"}
			}
		},
		{
			"name": "head",
			"from": [7.5, 3, 2.5],
			"to": [8.5, 4, 4],
			"faces": {
				"north": {"uv": [7.25, 5.75, 7.5, 6], "texture": "#0"},
				"east": {"uv": [6.25, 7, 6.75, 7.25], "texture": "#0"},
				"south": {"uv": [7.25, 6, 7.5, 6.25], "texture": "#0"},
				"west": {"uv": [7, 6.25, 7.5, 6.5], "texture": "#0"},
				"up": {"uv": [7.25, 7, 7, 6.5], "texture": "#0"},
				"down": {"uv": [7, 7, 6.75, 7.5], "texture": "#0"}
			}
		},
		{
			"name": "head",
			"from": [7.5, 1, 2.5],
			"to": [8.5, 2, 4],
			"faces": {
				"north": {"uv": [6.25, 7.25, 6.5, 7.5], "texture": "#0"},
				"east": {"uv": [7, 7, 7.5, 7.25], "texture": "#0"},
				"south": {"uv": [6.5, 7.25, 6.75, 7.5], "texture": "#0"},
				"west": {"uv": [3.5, 7.25, 4, 7.5], "texture": "#0"},
				"up": {"uv": [4.25, 7.75, 4, 7.25], "texture": "#0"},
				"down": {"uv": [4.5, 7.25, 4.25, 7.75], "texture": "#0"}
			}
		},
		{
			"name": "head",
			"from": [7.5, 2, 3],
			"to": [8.5, 3, 4.5],
			"faces": {
				"north": {"uv": [7.25, 6.5, 7.5, 6.75], "texture": "#0"},
				"east": {"uv": [4.5, 7.25, 5, 7.5], "texture": "#0"},
				"south": {"uv": [7.25, 6.75, 7.5, 7], "texture": "#0"},
				"west": {"uv": [5, 7.25, 5.5, 7.5], "texture": "#0"},
				"up": {"uv": [7.5, 5.75, 7.25, 5.25], "texture": "#0"},
				"down": {"uv": [5.75, 7.25, 5.5, 7.75], "texture": "#0"}
			}
		},
		{
			"name": "head",
			"from": [7.58889, 2.91111, 1],
			"to": [8.41111, 2.91111, 3.5],
			"faces": {
				"north": {"uv": [0, 0, 0.25, 0], "texture": "#0"},
				"east": {"uv": [0, 0, 0.75, 0], "texture": "#0"},
				"south": {"uv": [0, 0, 0.25, 0], "texture": "#0"},
				"west": {"uv": [0, 0, 0.75, 0], "texture": "#0"},
				"up": {"uv": [2.25, 7.75, 2, 7], "texture": "#0"},
				"down": {"uv": [2.5, 7, 2.25, 7.75], "texture": "#0"}
			}
		},
		{
			"name": "head",
			"from": [7.58889, 2.08889, 1],
			"to": [8.41111, 2.08889, 3.5],
			"faces": {
				"north": {"uv": [0, 0, 0.25, 0], "texture": "#0"},
				"east": {"uv": [0, 0, 0.75, 0], "texture": "#0"},
				"south": {"uv": [0, 0, 0.25, 0], "texture": "#0"},
				"west": {"uv": [0, 0, 0.75, 0], "texture": "#0"},
				"up": {"uv": [3.25, 7.75, 3, 7], "texture": "#0"},
				"down": {"uv": [3.5, 7, 3.25, 7.75], "texture": "#0"}
			}
		},
		{
			"name": "head",
			"from": [7.58889, 2.08889, 1],
			"to": [7.58889, 2.91111, 3.5],
			"faces": {
				"north": {"uv": [0, 0, 0, 0.25], "texture": "#0"},
				"east": {"uv": [3.5, 7, 4.25, 7.25], "texture": "#0"},
				"south": {"uv": [0, 0, 0, 0.25], "texture": "#0"},
				"west": {"uv": [4.25, 7, 5, 7.25], "texture": "#0"},
				"up": {"uv": [0, 0.75, 0, 0], "texture": "#0"},
				"down": {"uv": [0, 0, 0, 0.75], "texture": "#0"}
			}
		},
		{
			"name": "head",
			"from": [8.41111, 2.08889, 1],
			"to": [8.41111, 2.91111, 3.5],
			"faces": {
				"north": {"uv": [0, 0, 0, 0.25], "texture": "#0"},
				"east": {"uv": [5, 7, 5.75, 7.25], "texture": "#0"},
				"south": {"uv": [0, 0, 0, 0.25], "texture": "#0"},
				"west": {"uv": [7, 5, 7.75, 5.25], "texture": "#0"},
				"up": {"uv": [0, 0.75, 0, 0], "texture": "#0"},
				"down": {"uv": [0, 0, 0, 0.75], "texture": "#0"}
			}
		},
		{
			"name": "head",
			"from": [3, 1, 3],
			"to": [13, 2, 13],
			"faces": {
				"north": {"uv": [0, 6, 2.5, 6.25], "texture": "#0"},
				"east": {"uv": [0, 6.25, 2.5, 6.5], "texture": "#0"},
				"south": {"uv": [0, 6.5, 2.5, 6.75], "texture": "#0"},
				"west": {"uv": [0, 6.75, 2.5, 7], "texture": "#0"},
				"up": {"uv": [5.5, 2.5, 3, 0], "texture": "#0"},
				"down": {"uv": [5.5, 2.5, 3, 5], "texture": "#0"}
			}
		}
	],
	"display": {
		"head": {
			"translation": [0, 16, 0],
			"scale": [1.6, 1.6, 1.6]
		}
	},
	"groups": [
		{
			"name": "steve",
			"origin": [8, 8, 8],
			"color": 0,
			"children": [0, 1, 2, 3, 4, 5, 6, 7, 8, 9, 10, 11]
		}
	]
}