{
	"credit": "Made with Blockbench",
	"texture_size": [32, 32],
	"textures": {
		"0": "mchub:hats/straw-hat",
		"particle": "mchub:hats/straw-hat"
	},
	"elements": [
		{
			"name": "head",
			"from": [12.25, 6, 0.75],
			"to": [16, 6, 15.25],
			"rotation": {"angle": 0, "axis": "y", "origin": [8, 6, 8]},
			"faces": {
				"north": {"uv": [0, 0, 0, 2], "rotation": 90, "texture": "#0"},
				"east": {"uv": [0, 0, 0, 7.5], "rotation": 270, "texture": "#0"},
				"south": {"uv": [0, 0, 0, 2], "rotation": 270, "texture": "#0"},
				"west": {"uv": [0, 7.5, 0, 0], "rotation": 270, "texture": "#0"},
				"up": {"uv": [4.5, 0, 12, 2], "rotation": 270, "texture": "#0"},
				"down": {"uv": [4.5, 2, 12, 4], "rotation": 270, "texture": "#0"}
			}
		},
		{
			"name": "head",
			"from": [3.75, 6, 3.75],
			"to": [12.25, 10, 12.25],
			"rotation": {"angle": 0, "axis": "y", "origin": [8, 6, 8]},
			"faces": {
				"north": {"uv": [4.5, 8, 6.5, 12.5], "rotation": 90, "texture": "#0"},
				"east": {"uv": [2, 9, 0, 13.5], "rotation": 270, "texture": "#0"},
				"south": {"uv": [6.5, 8, 8.5, 12.5], "rotation": 270, "texture": "#0"},
				"west": {"uv": [10.5, 12.5, 8.5, 8], "rotation": 270, "texture": "#0"},
				"up": {"uv": [0, 0, 4.5, 4.5], "rotation": 270, "texture": "#0"},
				"down": {"uv": [0, 4.5, 4.5, 9], "rotation": 270, "texture": "#0"}
			}
		},
		{
			"name": "head",
			"from": [0, 6, 0.75],
			"to": [3.75, 6, 15.25],
			"rotation": {"angle": 0, "axis": "y", "origin": [8, 6, 8]},
			"faces": {
				"north": {"uv": [0, 0, 0, 2], "rotation": 90, "texture": "#0"},
				"east": {"uv": [0, 0, 0, 7.5], "rotation": 270, "texture": "#0"},
				"south": {"uv": [0, 0, 0, 2], "rotation": 270, "texture": "#0"},
				"west": {"uv": [0, 7.5, 0, 0], "rotation": 270, "texture": "#0"},
				"up": {"uv": [4.5, 4, 12, 6], "rotation": 270, "texture": "#0"},
				"down": {"uv": [4.5, 6, 12, 8], "rotation": 270, "texture": "#0"}
			}
		},
		{
			"name": "head",
			"from": [3.75, 6, 12.25],
			"to": [12.25, 6, 15.25],
			"rotation": {"angle": 0, "axis": "y", "origin": [8, 6, 8]},
			"faces": {
				"north": {"uv": [0, 0, 0, 4.5], "rotation": 90, "texture": "#0"},
				"east": {"uv": [0, 0, 0, 1.5], "rotation": 270, "texture": "#0"},
				"south": {"uv": [0, 0, 0, 4.5], "rotation": 270, "texture": "#0"},
				"west": {"uv": [0, 1.5, 0, 0], "rotation": 270, "texture": "#0"},
				"up": {"uv": [2, 9, 3.5, 13.5], "rotation": 270, "texture": "#0"},
				"down": {"uv": [10.5, 8, 12, 12.5], "rotation": 270, "texture": "#0"}
			}
		},
		{
			"name": "head",
			"from": [3.75, 6, 0.75],
			"to": [12.25, 6, 3.75],
			"rotation": {"angle": 0, "axis": "y", "origin": [8, 6, 8]},
			"faces": {
				"north": {"uv": [0, 0, 0, 4.5], "rotation": 90, "texture": "#0"},
				"east": {"uv": [0, 0, 0, 1.5], "rotation": 270, "texture": "#0"},
				"south": {"uv": [0, 0, 0, 4.5], "rotation": 270, "texture": "#0"},
				"west": {"uv": [0, 1.5, 0, 0], "rotation": 270, "texture": "#0"},
				"up": {"uv": [12, 0, 13.5, 4.5], "rotation": 270, "texture": "#0"},
				"down": {"uv": [12, 4.5, 13.5, 9], "rotation": 270, "texture": "#0"}
			}
		}
	],
	"display": {
		"head": {
			"translation": [0, 6.5, 0],
			"scale": [1.6, 1.6, 1.6]
		}
	},
	"groups": [
		{
			"name": "steve",
			"origin": [8, 8, 8],
			"color": 0,
			"children": [
				{
					"name": "group",
					"origin": [0, 0, 0],
					"color": 0,
					"children": [0, 1, 2, 3, 4]
				}
			]
		}
	]
}