{
	"credit": "Made with Blockbench",
	"texture_size": [32, 32],
	"textures": {
		"1": "mchub:hats/matching/hers/hers-right-white"
	},
	"elements": [
		{
			"name": "head",
			"from": [4.5, 0, 4],
			"to": [11.5, 9, 5],
			"faces": {
				"north": {"uv": [0, 0, 3.5, 4.5], "texture": "#1"},
				"east": {"uv": [0, 4.5, 0.5, 9], "texture": "#1"},
				"south": {"uv": [3.5, 0, 7, 4.5], "texture": "#1"},
				"west": {"uv": [0.5, 4.5, 1, 9], "texture": "#1"},
				"up": {"uv": [9, 5.5, 5.5, 5], "texture": "#1"},
				"down": {"uv": [6.5, 6, 3, 6.5], "texture": "#1"}
			}
		},
		{
			"name": "head",
			"from": [3.5, 1, 4],
			"to": [4.5, 8, 5],
			"faces": {
				"north": {"uv": [3, 6.5, 3.5, 10], "texture": "#1"},
				"east": {"uv": [3.5, 6.5, 4, 10], "texture": "#1"},
				"south": {"uv": [4, 6.5, 4.5, 10], "texture": "#1"},
				"west": {"uv": [4.5, 6.5, 5, 10], "texture": "#1"},
				"up": {"uv": [7.5, 2.5, 7, 2], "texture": "#1"},
				"down": {"uv": [7.5, 2.5, 7, 3], "texture": "#1"}
			}
		},
		{
			"name": "head",
			"from": [11.5, 1, 4],
			"to": [12.5, 8, 5],
			"faces": {
				"north": {"uv": [5, 6.5, 5.5, 10], "texture": "#1"},
				"east": {"uv": [5.5, 6.5, 6, 10], "texture": "#1"},
				"south": {"uv": [6.5, 5.5, 7, 9], "texture": "#1"},
				"west": {"uv": [6, 6.5, 6.5, 10], "texture": "#1"},
				"up": {"uv": [7.5, 3.5, 7, 3], "texture": "#1"},
				"down": {"uv": [7.5, 3.5, 7, 4], "texture": "#1"}
			}
		},
		{
			"name": "head",
			"from": [3.5, 4, 5],
			"to": [4.5, 5, 13.5],
			"faces": {
				"north": {"uv": [7, 4, 7.5, 4.5], "texture": "#1"},
				"east": {"uv": [1, 4.5, 5.5, 5], "texture": "#1"},
				"south": {"uv": [7, 5.5, 7.5, 6], "texture": "#1"},
				"west": {"uv": [1, 5, 5.5, 5.5], "texture": "#1"},
				"up": {"uv": [1.5, 10, 1, 5.5], "texture": "#1"},
				"down": {"uv": [2, 5.5, 1.5, 10], "texture": "#1"}
			}
		},
		{
			"name": "head",
			"from": [11.5, 4, 5],
			"to": [12.5, 5, 13.5],
			"faces": {
				"north": {"uv": [7, 6, 7.5, 6.5], "texture": "#1"},
				"east": {"uv": [2, 5.5, 6.5, 6], "texture": "#1"},
				"south": {"uv": [7, 6.5, 7.5, 7], "texture": "#1"},
				"west": {"uv": [5.5, 4.5, 10, 5], "texture": "#1"},
				"up": {"uv": [2.5, 10.5, 2, 6], "texture": "#1"},
				"down": {"uv": [3, 6, 2.5, 10.5], "texture": "#1"}
			}
		},
		{
			"name": "head",
			"from": [4.5, 4, 12.5],
			"to": [11.5, 5, 13.5],
			"faces": {
				"north": {"uv": [7, 0, 10.5, 0.5], "texture": "#1"},
				"east": {"uv": [7, 7, 7.5, 7.5], "texture": "#1"},
				"south": {"uv": [7, 0.5, 10.5, 1], "texture": "#1"},
				"west": {"uv": [7.5, 2, 8, 2.5], "texture": "#1"},
				"up": {"uv": [10.5, 1.5, 7, 1], "texture": "#1"},
				"down": {"uv": [10.5, 1.5, 7, 2], "texture": "#1"}
			}
		}
	],
	"display": {
		"thirdperson_righthand": {
			"rotation": [-10, -5, -28],
			"translation": [1.5, -1, -2.75],
			"scale": [0.66, 0.66, 0.66]
		},
		"thirdperson_lefthand": {
			"rotation": [-10, -5, -28],
			"translation": [1.5, -0.5, -2],
			"scale": [0.66, 0.66, 0.66]
		},
		"firstperson_righthand": {
			"translation": [3.25, -0.25, 0]
		},
		"gui": {
			"rotation": [-180, 0, -180],
			"translation": [0, 5.75, 0],
			"scale": [1.6, 1.6, 1.6]
		},
		"head": {
			"translation": [0, 6, -1.25],
			"scale": [1.7, 1.7, 1.7]
		},
		"fixed": {
			"translation": [0, 7, 6.5],
			"scale": [2, 2, 2]
		}
	}
}