{
  "parent": "builtin/generated",
  "textures": {"layer0":"item/apple"},
  "overrides": [
  {"predicate": {"custom_model_data":1}, "model": "mchub:hats/matching/his/his-left-blue"},
  {"predicate": {"custom_model_data":2}, "model": "mchub:hats/matching/his/his-left-green"},
  {"predicate": {"custom_model_data":3}, "model": "mchub:hats/matching/his/his-left-orange"},
  {"predicate": {"custom_model_data":4}, "model": "mchub:hats/matching/his/his-left-pink"},
  {"predicate": {"custom_model_data":5}, "model": "mchub:hats/matching/his/his-left-purple"},
  {"predicate": {"custom_model_data":6}, "model": "mchub:hats/matching/his/his-left-red"},
  {"predicate": {"custom_model_data":7}, "model": "mchub:hats/matching/his/his-left-white"},
  {"predicate": {"custom_model_data":8}, "model": "mchub:hats/matching/his/his-left-yellow"},
  {"predicate": {"custom_model_data":9}, "model": "mchub:hats/matching/his/his-right-blue"},
  {"predicate": {"custom_model_data":10}, "model": "mchub:hats/matching/his/his-right-green"},
  {"predicate": {"custom_model_data":11}, "model": "mchub:hats/matching/his/his-right-orange"},
  {"predicate": {"custom_model_data":12}, "model": "mchub:hats/matching/his/his-right-pink"},
  {"predicate": {"custom_model_data":13}, "model": "mchub:hats/matching/his/his-right-purple"},
  {"predicate": {"custom_model_data":14}, "model": "mchub:hats/matching/his/his-right-red"},
  {"predicate": {"custom_model_data":15}, "model": "mchub:hats/matching/his/his-right-white"},
  {"predicate": {"custom_model_data":16}, "model": "mchub:hats/matching/his/his-right-yellow"}
  ]
}