{
  "parent": "builtin/generated",
  "textures": {"layer0":"item/cooked_beef"},
  "overrides": [
  {"predicate": {"custom_model_data":1}, "model": "mchub:hats/emoji_mask/emoji-mask-1"},
  {"predicate": {"custom_model_data":2}, "model": "mchub:hats/emoji_mask/emoji-mask-2"},
  {"predicate": {"custom_model_data":3}, "model": "mchub:hats/emoji_mask/emoji-mask-3"},
  {"predicate": {"custom_model_data":4}, "model": "mchub:hats/emoji_mask/emoji-mask-4"},
  {"predicate": {"custom_model_data":5}, "model": "mchub:hats/emoji_mask/emoji-mask-5"},
  {"predicate": {"custom_model_data":6}, "model": "mchub:hats/emoji_mask/emoji-mask-6"},
  {"predicate": {"custom_model_data":7}, "model": "mchub:hats/emoji_mask/emoji-mask-7"},
  {"predicate": {"custom_model_data":8}, "model": "mchub:hats/emoji_mask/emoji-mask-8"},
  {"predicate": {"custom_model_data":9}, "model": "mchub:hats/emoji_mask/emoji-mask-9"},
  {"predicate": {"custom_model_data":10}, "model": "mchub:hats/emoji_mask/emoji-mask-10"},
  {"predicate": {"custom_model_data":11}, "model": "mchub:hats/emoji_mask/emoji-mask-11"},
  {"predicate": {"custom_model_data":12}, "model": "mchub:hats/emoji_mask/emoji-mask-12"},
  {"predicate": {"custom_model_data":13}, "model": "mchub:hats/emoji_mask/emoji-mask-13"}
  ]
}