{
  "parent": "item/handheld",
  "textures": {
    "layer0": "item/diamond_axe"
  },
  "overrides": [
    {
      "predicate": {
        "custom_model_data": 1
      },
      "model": "item/diamond_axe/1"
    },
    {
      "predicate": {
        "custom_model_data": 1000
      },
      "model": "item/diamond_axe/1000"
    },
    {
      "predicate": {
        "custom_model_data": 1001
      },
      "model": "item/diamond_axe/1001"
    },
    {
      "predicate": {
        "custom_model_data": 1002
      },
      "model": "item/diamond_axe/1002"
    },
    {
      "predicate": {
        "custom_model_data": 1003
      },
      "model": "item/diamond_axe/1003"
    },
    {
      "predicate": {
        "custom_model_data": 1004
      },
      "model": "item/diamond_axe/1004"
    },
    {
      "predicate": {
        "custom_model_data": 1005
      },
      "model": "item/diamond_axe/1005"
    },
    {
      "predicate": {
        "custom_model_data": 1006
      },
      "model": "item/diamond_axe/1006"
    },
    {
      "predicate": {
        "custom_model_data": 1007
      },
      "model": "item/diamond_axe/1007"
    },
    {
      "predicate": {
        "custom_model_data": 1008
      },
      "model": "item/diamond_axe/1008"
    },
    {
      "predicate": {
        "custom_model_data": 1009
      },
      "model": "item/diamond_axe/1009"
    },
    {
      "predicate": {
        "custom_model_data": 1010
      },
      "model": "item/diamond_axe/1010"
    },
    {
      "predicate": {
        "custom_model_data": 1011
      },
      "model": "item/diamond_axe/1011"
    },
    {
      "predicate": {
        "custom_model_data": 1012
      },
      "model": "item/diamond_axe/1012"
    },
    {
      "predicate": {
        "custom_model_data": 1013
      },
      "model": "item/diamond_axe/1013"
    },
    {
      "predicate": {
        "custom_model_data": 1014
      },
      "model": "item/diamond_axe/1014"
    },
    {
      "predicate": {
        "custom_model_data": 1015
      },
      "model": "item/diamond_axe/1015"
    },
    {
      "predicate": {
        "custom_model_data": 1016
      },
      "model": "item/diamond_axe/1016"
    },
    {
      "predicate": {
        "custom_model_data": 1017
      },
      "model": "item/diamond_axe/1017"
    },
    {
      "predicate": {
        "custom_model_data": 1018
      },
      "model": "item/diamond_axe/1018"
    },
    {
      "predicate": {
        "custom_model_data": 1019
      },
      "model": "item/diamond_axe/1019"
    },
    {
      "predicate": {
        "custom_model_data": 1020
      },
      "model": "item/diamond_axe/1020"
    },
    {
      "predicate": {
        "custom_model_data": 1021
      },
      "model": "item/diamond_axe/1021"
    },
    {
      "predicate": {
        "custom_model_data": 1022
      },
      "model": "item/diamond_axe/1022"
    },
    {
      "predicate": {
        "custom_model_data": 1023
      },
      "model": "item/diamond_axe/1023"
    },
    {
      "predicate": {
        "custom_model_data": 1024
      },
      "model": "item/diamond_axe/1024"
    },
    {
      "predicate": {
        "custom_model_data": 1025
      },
      "model": "item/diamond_axe/1025"
    },
    {
      "predicate": {
        "custom_model_data": 1026
      },
      "model": "item/diamond_axe/1026"
    },
    {
      "predicate": {
        "custom_model_data": 1027
      },
      "model": "item/diamond_axe/1027"
    },
    {
      "predicate": {
        "custom_model_data": 1028
      },
      "model": "item/diamond_axe/1028"
    },
    {
      "predicate": {
        "custom_model_data": 1029
      },
      "model": "item/diamond_axe/1029"
    },
    {
      "predicate": {
        "custom_model_data": 1030
      },
      "model": "item/diamond_axe/1030"
    },
    {
      "predicate": {
        "custom_model_data": 1031
      },
      "model": "item/diamond_axe/1031"
    },
    {
      "predicate": {
        "custom_model_data": 1032
      },
      "model": "item/diamond_axe/1032"
    },
    {
      "predicate": {
        "custom_model_data": 1033
      },
      "model": "item/diamond_axe/1033"
    },
    {
      "predicate": {
        "custom_model_data": 1034
      },
      "model": "item/diamond_axe/1034"
    },
    {
      "predicate": {
        "custom_model_data": 1035
      },
      "model": "item/diamond_axe/1035"
    },
    {
      "predicate": {
        "custom_model_data": 1036
      },
      "model": "item/diamond_axe/1036"
    },
    {
      "predicate": {
        "custom_model_data": 1037
      },
      "model": "item/diamond_axe/1037"
    },
    {
      "predicate": {
        "custom_model_data": 1038
      },
      "model": "item/diamond_axe/1038"
    },
    {
      "predicate": {
        "custom_model_data": 1039
      },
      "model": "item/diamond_axe/1039"
    },
    {
      "predicate": {
        "custom_model_data": 1040
      },
      "model": "item/diamond_axe/1040"
    },
    {
      "predicate": {
        "custom_model_data": 1041
      },
      "model": "item/diamond_axe/1041"
    },
    {
      "predicate": {
        "custom_model_data": 1042
      },
      "model": "item/diamond_axe/1042"
    },
    {
      "predicate": {
        "custom_model_data": 1043
      },
      "model": "item/diamond_axe/1043"
    },
    {
      "predicate": {
        "custom_model_data": 1044
      },
      "model": "item/diamond_axe/1044"
    },
    {
      "predicate": {
        "custom_model_data": 1045
      },
      "model": "item/diamond_axe/1045"
    },
    {
      "predicate": {
        "custom_model_data": 1046
      },
      "model": "item/diamond_axe/1046"
    },
    {
      "predicate": {
        "custom_model_data": 1047
      },
      "model": "item/diamond_axe/1047"
    },
    {
      "predicate": {
        "custom_model_data": 1048
      },
      "model": "item/diamond_axe/1048"
    },
    {
      "predicate": {
        "custom_model_data": 1049
      },
      "model": "item/diamond_axe/1049"
    },
    {
      "predicate": {
        "custom_model_data": 1050
      },
      "model": "item/diamond_axe/1050"
    },
    {
      "predicate": {
        "custom_model_data": 1051
      },
      "model": "item/diamond_axe/1051"
    },
    {
      "predicate": {
        "custom_model_data": 1052
      },
      "model": "item/diamond_axe/1052"
    },
    {
      "predicate": {
        "custom_model_data": 1053
      },
      "model": "item/diamond_axe/1053"
    },
    {
      "predicate": {
        "custom_model_data": 1054
      },
      "model": "item/diamond_axe/1054"
    },
    {
      "predicate": {
        "custom_model_data": 1055
      },
      "model": "item/diamond_axe/1055"
    },
    {
      "predicate": {
        "custom_model_data": 1056
      },
      "model": "item/diamond_axe/1056"
    },
    {
      "predicate": {
        "custom_model_data": 1057
      },
      "model": "item/diamond_axe/1057"
    },
    {
      "predicate": {
        "custom_model_data": 1058
      },
      "model": "item/diamond_axe/1058"
    },
    {
      "predicate": {
        "custom_model_data": 1059
      },
      "model": "item/diamond_axe/1059"
    },
    {
      "predicate": {
        "custom_model_data": 1060
      },
      "model": "item/diamond_axe/1060"
    },
    {
      "predicate": {
        "custom_model_data": 1061
      },
      "model": "item/diamond_axe/1061"
    },
    {
      "predicate": {
        "custom_model_data": 1062
      },
      "model": "item/diamond_axe/1062"
    },
    {
      "predicate": {
        "custom_model_data": 1063
      },
      "model": "item/diamond_axe/1063"
    },
    {
      "predicate": {
        "custom_model_data": 1064
      },
      "model": "item/diamond_axe/1064"
    },
    {
      "predicate": {
        "custom_model_data": 1065
      },
      "model": "item/diamond_axe/1065"
    },
    {
      "predicate": {
        "custom_model_data": 1066
      },
      "model": "item/diamond_axe/1066"
    },
    {
      "predicate": {
        "custom_model_data": 1067
      },
      "model": "item/diamond_axe/1067"
    },
    {
      "predicate": {
        "custom_model_data": 1068
      },
      "model": "item/diamond_axe/1068"
    },
    {
      "predicate": {
        "custom_model_data": 1069
      },
      "model": "item/diamond_axe/1069"
    },
    {
      "predicate": {
        "custom_model_data": 1070
      },
      "model": "item/diamond_axe/1070"
    },
    {
      "predicate": {
        "custom_model_data": 1071
      },
      "model": "item/diamond_axe/1071"
    },
    {
      "predicate": {
        "custom_model_data": 1072
      },
      "model": "item/diamond_axe/1072"
    },
    {
      "predicate": {
        "custom_model_data": 1073
      },
      "model": "item/diamond_axe/1073"
    },
    {
      "predicate": {
        "custom_model_data": 1074
      },
      "model": "item/diamond_axe/1074"
    },
    {
      "predicate": {
        "custom_model_data": 1075
      },
      "model": "item/diamond_axe/1075"
    },
    {
      "predicate": {
        "custom_model_data": 1076
      },
      "model": "item/diamond_axe/1076"
    },
    {
      "predicate": {
        "custom_model_data": 1077
      },
      "model": "item/diamond_axe/1077"
    },
    {
      "predicate": {
        "custom_model_data": 1078
      },
      "model": "item/diamond_axe/1078"
    },
    {
      "predicate": {
        "custom_model_data": 1079
      },
      "model": "item/diamond_axe/1079"
    },
    {
      "predicate": {
        "custom_model_data": 1080
      },
      "model": "item/diamond_axe/1080"
    },
    {
      "predicate": {
        "custom_model_data": 1081
      },
      "model": "item/diamond_axe/1081"
    },
    {
      "predicate": {
        "custom_model_data": 1082
      },
      "model": "item/diamond_axe/1082"
    },
    {
      "predicate": {
        "custom_model_data": 1083
      },
      "model": "item/diamond_axe/1083"
    },
    {
      "predicate": {
        "custom_model_data": 1084
      },
      "model": "item/diamond_axe/1084"
    },
    {
      "predicate": {
        "custom_model_data": 1085
      },
      "model": "item/diamond_axe/1085"
    },
    {
      "predicate": {
        "custom_model_data": 1086
      },
      "model": "item/diamond_axe/1086"
    },
    {
      "predicate": {
        "custom_model_data": 1087
      },
      "model": "item/diamond_axe/1087"
    },
    {
      "predicate": {
        "custom_model_data": 1088
      },
      "model": "item/diamond_axe/1088"
    },
    {
      "predicate": {
        "custom_model_data": 1089
      },
      "model": "item/diamond_axe/1089"
    },
    {
      "predicate": {
        "custom_model_data": 1090
      },
      "model": "item/diamond_axe/1090"
    },
    {
      "predicate": {
        "custom_model_data": 1091
      },
      "model": "item/diamond_axe/1091"
    },
    {
      "predicate": {
        "custom_model_data": 1092
      },
      "model": "item/diamond_axe/1092"
    },
    {
      "predicate": {
        "custom_model_data": 1093
      },
      "model": "item/diamond_axe/1093"
    },
    {
      "predicate": {
        "custom_model_data": 1094
      },
      "model": "item/diamond_axe/1094"
    },
    {
      "predicate": {
        "custom_model_data": 1095
      },
      "model": "item/diamond_axe/1095"
    },
    {
      "predicate": {
        "custom_model_data": 1096
      },
      "model": "item/diamond_axe/1096"
    },
    {
      "predicate": {
        "custom_model_data": 1097
      },
      "model": "item/diamond_axe/1097"
    },
    {
      "predicate": {
        "custom_model_data": 1098
      },
      "model": "item/diamond_axe/1098"
    },
    {
      "predicate": {
        "custom_model_data": 1099
      },
      "model": "item/diamond_axe/1099"
    },
    {
      "predicate": {
        "custom_model_data": 1100
      },
      "model": "item/diamond_axe/1100"
    },
    {
      "predicate": {
        "custom_model_data": 1101
      },
      "model": "item/diamond_axe/1101"
    },
    {
      "predicate": {
        "custom_model_data": 1102
      },
      "model": "item/diamond_axe/1102"
    },
    {
      "predicate": {
        "custom_model_data": 1103
      },
      "model": "item/diamond_axe/1103"
    },
    {
      "predicate": {
        "custom_model_data": 1104
      },
      "model": "item/diamond_axe/1104"
    },
    {
      "predicate": {
        "custom_model_data": 1105
      },
      "model": "item/diamond_axe/1105"
    },
    {
      "predicate": {
        "custom_model_data": 1106
      },
      "model": "item/diamond_axe/1106"
    },
	{
      "predicate": {
        "custom_model_data": 1107
      },
      "model": "item/diamond_axe/1107"
    },
	{
      "predicate": {
        "custom_model_data": 1108
      },
      "model": "item/diamond_axe/1108"
    },
	{
      "predicate": {
        "custom_model_data": 1109
      },
      "model": "item/diamond_axe/1109"
    },
	{
      "predicate": {
        "custom_model_data": 1110
      },
      "model": "item/diamond_axe/1110"
    },
	{
      "predicate": {
        "custom_model_data": 1111
      },
      "model": "item/diamond_axe/1111"
    },
	{
      "predicate": {
        "custom_model_data": 1112
      },
      "model": "item/diamond_axe/1112"
    }
  ]
}